provision_id,instrument,instrument_year,provision_type,chapter,section_or_rule,title,topic,summary,relevance_to_ayurveda,relevance_to_traditional_knowledge,relevance_to_biodiversity,relevance_to_patentability,source_url,source_reference,verification_status,notes
IN-PA-1,Patents Act,1970,Section,1,Section 1,"Short title, extent and commencement",General Administration,"Provision relating to short title, extent and commencement.",None,None,None,None,https://ipindia.gov.in/acts/patent-act-1970/section-1-5,IP-IN-ACT-1970,Verified via Official Index,
IN-PA-2,Patents Act,1970,Section,1,Section 2,Definitions and interpretation,General Administration,Provision relating to definitions and interpretation.,None,None,None,None,https://ipindia.gov.in/acts/patent-act-1970/section-2-5,IP-IN-ACT-1970,Verified via Official Index,
IN-PA-S2-1-j,Patents Act,1970,Section,1,2(1)(j),Definitions and interpretation - invention,"novelty, industrial applicability","""invention"" means a new product or process involving an inventive step and capable of industrial application.",Low,Low,Low,High,https://ipindia.gov.in/writereaddata/Portal/ev/rules/pdf/Patents_Act_1970.pdf,IP-IN-ACT-1970,Verified,Fundamental definition establishing criteria for patentability.
IN-PA-S2-1-ja,Patents Act,1970,Section,1,2(1)(ja),Definitions and interpretation - inventive step,inventive step,"""inventive step"" means a feature of an invention that involves technical advance as compared to the existing knowledge or having economic significance or both and that makes the invention not obvious to a person skilled in the art.",Medium,High,Low,High,https://ipindia.gov.in/writereaddata/Portal/ev/rules/pdf/Patents_Act_1970.pdf,IP-IN-ACT-1970,Verified,Critical for fighting patent applications that merely combine traditional knowledge.
IN-PA-3,Patents Act,1970,Section,2,Section 3,What are not inventions,Patentability Criteria,Provision relating to what are not inventions.,None,None,None,Critical,https://ipindia.gov.in/acts/patent-act-1970/section-3,IP-IN-ACT-1970,Verified via Official Index,
IN-PA-S3-b,Patents Act,1970,Section,2,3(b),What are not inventions - contrary to public order/morality,exclusions from patentability,"An invention, the primary or intended use or commercial exploitation of which could be contrary to public order or morality or which causes serious prejudice to human, animal or plant life or health or to the environment.",Medium,Medium,High,High,https://ipindia.gov.in/writereaddata/Portal/ev/rules/pdf/Patents_Act_1970.pdf,IP-IN-ACT-1970,Verified,Used to protect plant life and environment.
IN-PA-S3-c,Patents Act,1970,Section,2,3(c),What are not inventions - discovery of living thing or non-living substance,"exclusions from patentability, biological material",The mere discovery of a scientific principle or the formulation of an abstract theory or discovery of any living thing or non-living substance occurring in nature.,High,Medium,High,High,https://ipindia.gov.in/writereaddata/Portal/ev/rules/pdf/Patents_Act_1970.pdf,IP-IN-ACT-1970,Verified,Directly prevents the patenting of naturally occurring medicinal plants and minerals.
IN-PA-S3-d,Patents Act,1970,Section,2,3(d),What are not inventions - mere discovery of a new form of known substance,exclusions from patentability,"The mere discovery of a new form of a known substance which does not result in the enhancement of the known efficacy of that substance or the mere discovery of any new property or new use for a known substance or of the mere use of a known process, machine or apparatus unless such known process results in a new product or employs at least one new reactant.",High,High,Medium,High,https://ipindia.gov.in/writereaddata/Portal/ev/rules/pdf/Patents_Act_1970.pdf,IP-IN-ACT-1970,Verified,Prevents patenting of new forms (like extracts) of known Ayurvedic substances unless significant efficacy enhancement is proven.
IN-PA-S3-e,Patents Act,1970,Section,2,3(e),What are not inventions - mere admixture,exclusions from patentability,A substance obtained by a mere admixture resulting only in the aggregation of the properties of the components thereof or a process for producing such substance.,High,High,Medium,High,https://ipindia.gov.in/writereaddata/Portal/ev/rules/pdf/Patents_Act_1970.pdf,IP-IN-ACT-1970,Verified,Highly relevant for traditional Ayurvedic polyherbal formulations.
IN-PA-S3-p,Patents Act,1970,Section,2,3(p),What are not inventions - traditional knowledge,"exclusions from patentability, traditional knowledge","An invention which in effect, is traditional knowledge or which is an aggregation or duplication of known properties of traditionally known component or components.",Critical,Critical,High,High,https://ipindia.gov.in/writereaddata/Portal/ev/rules/pdf/Patents_Act_1970.pdf,IP-IN-ACT-1970,Verified,The most critical section for TKDL integration. Expressly prohibits patenting of TK.
IN-PA-4,Patents Act,1970,Section,2,Section 4,Inventions relating to atomic energy not patentable,Patentability Criteria,Provision relating to inventions relating to atomic energy not patentable.,None,None,None,Critical,https://ipindia.gov.in/acts/patent-act-1970/section-4,IP-IN-ACT-1970,Verified via Official Index,
IN-PA-5,Patents Act,1970,Section,2,Section 5,[Omitted],,Omitted provision.,None,None,None,None,https://ipindia.gov.in/acts/patent-act-1970/section-5,IP-IN-ACT-1970,Verified via Official Index,Omitted provision.
IN-PA-6,Patents Act,1970,Section,3,Section 6,Persons entitled to apply for patents,General Administration,Provision relating to persons entitled to apply for patents.,None,None,None,None,https://ipindia.gov.in/acts/patent-act-1970/section-6,IP-IN-ACT-1970,Verified via Official Index,
IN-PA-7,Patents Act,1970,Section,3,Section 7,Form of application,General Administration,Provision relating to form of application.,None,None,None,None,https://ipindia.gov.in/acts/patent-act-1970/section-7,IP-IN-ACT-1970,Verified via Official Index,
IN-PA-8,Patents Act,1970,Section,3,Section 8,Information and undertaking regarding foreign applications,General Administration,Provision relating to information and undertaking regarding foreign applications.,None,None,None,None,https://ipindia.gov.in/acts/patent-act-1970/section-8,IP-IN-ACT-1970,Verified via Official Index,
IN-PA-9,Patents Act,1970,Section,3,Section 9,Provisional and complete specifications,Patent Prosecution,Provision relating to provisional and complete specifications.,None,None,None,High,https://ipindia.gov.in/acts/patent-act-1970/section-9,IP-IN-ACT-1970,Verified via Official Index,
IN-PA-10,Patents Act,1970,Section,3,Section 10,Contents of specifications,Patent Prosecution,Provision relating to contents of specifications.,None,None,None,High,https://ipindia.gov.in/acts/patent-act-1970/section-10,IP-IN-ACT-1970,Verified via Official Index,
IN-PA-S10-4-d,Patents Act,1970,Section,3,10(4)(ii)(D),Contents of specifications - disclosure of biological material,"disclosure of source/geographical origin, biological material","If the applicant mentions a biological material in the specification which may not be described in such a way as to satisfy clauses (a) and (b), and if such material is not available to the public, the application shall be completed by depositing the material... and disclose the source and geographical origin of the biological material in the specification, when used in an invention.",High,Medium,Critical,High,https://ipindia.gov.in/writereaddata/Portal/ev/rules/pdf/Patents_Act_1970.pdf,IP-IN-ACT-1970,Verified,Mandates disclosure of source/origin of Indian biological resources used in inventions.
IN-PA-11,Patents Act,1970,Section,3,Section 11,Priority dates of claims of a complete specification,Patent Prosecution,Provision relating to priority dates of claims of a complete specification.,None,None,None,High,https://ipindia.gov.in/acts/patent-act-1970/section-11,IP-IN-ACT-1970,Verified via Official Index,
IN-PA-11A,Patents Act,1970,Section,4,Section 11A,Publication of applications,General Administration,Provision relating to publication of applications.,None,None,None,None,https://ipindia.gov.in/acts/patent-act-1970/section-11a,IP-IN-ACT-1970,Verified via Official Index,
IN-PA-11B,Patents Act,1970,Section,4,Section 11B,Request for examination,patent examination,No application for a patent shall be examined unless the applicant or any other interested person makes a request in the prescribed manner within the prescribed period.,Low,Low,Low,Medium,https://ipindia.gov.in/acts/patent-act-1970/section-11b,IP-IN-ACT-1970,Verified via Official Index,Procedural context for patent processing.
IN-PA-12,Patents Act,1970,Section,4,Section 12,Examination of application,Patent Prosecution,Provision relating to examination of application.,None,None,None,High,https://ipindia.gov.in/acts/patent-act-1970/section-12,IP-IN-ACT-1970,Verified via Official Index,
IN-PA-13,Patents Act,1970,Section,4,Section 13,Search for anticipation by previous publication and by prior claim,Traditional Knowledge,Provision relating to search for anticipation by previous publication and by prior claim.,None,High,None,None,https://ipindia.gov.in/acts/patent-act-1970/section-13,IP-IN-ACT-1970,Verified via Official Index,
IN-PA-14,Patents Act,1970,Section,4,Section 14,Consideration of the report of examiner by Controller,General Administration,Provision relating to consideration of the report of examiner by controller.,None,None,None,None,https://ipindia.gov.in/acts/patent-act-1970/section-14,IP-IN-ACT-1970,Verified via Official Index,
IN-PA-15,Patents Act,1970,Section,4,Section 15,"Power of Controller to refuse or require amended applications, etc., in certain case",General Administration,"Provision relating to power of controller to refuse or require amended applications, etc., in certain case.",None,None,None,None,https://ipindia.gov.in/acts/patent-act-1970/section-15,IP-IN-ACT-1970,Verified via Official Index,
IN-PA-16,Patents Act,1970,Section,4,Section 16,Power of Controller to make orders respecting division of application,General Administration,Provision relating to power of controller to make orders respecting division of application.,None,None,None,None,https://ipindia.gov.in/acts/patent-act-1970/section-16,IP-IN-ACT-1970,Verified via Official Index,
IN-PA-17,Patents Act,1970,Section,4,Section 17,Power of Controller to make orders respecting dating of application,General Administration,Provision relating to power of controller to make orders respecting dating of application.,None,None,None,None,https://ipindia.gov.in/acts/patent-act-1970/section-17,IP-IN-ACT-1970,Verified via Official Index,
IN-PA-18,Patents Act,1970,Section,4,Section 18,Powers of Controller in cases of anticipation,Traditional Knowledge,Provision relating to powers of controller in cases of anticipation.,None,High,None,None,https://ipindia.gov.in/acts/patent-act-1970/section-18,IP-IN-ACT-1970,Verified via Official Index,
IN-PA-19,Patents Act,1970,Section,4,Section 19,Powers of Controller in case of potential infringement,General Administration,Provision relating to powers of controller in case of potential infringement.,None,None,None,None,https://ipindia.gov.in/acts/patent-act-1970/section-19,IP-IN-ACT-1970,Verified via Official Index,
IN-PA-20,Patents Act,1970,Section,4,Section 20,"Powers of Controller to make orders regarding substitution of applicants, etc.",General Administration,"Provision relating to powers of controller to make orders regarding substitution of applicants, etc..",None,None,None,None,https://ipindia.gov.in/acts/patent-act-1970/section-20,IP-IN-ACT-1970,Verified via Official Index,
IN-PA-21,Patents Act,1970,Section,4,Section 21,Time for putting application in order for grant,Patent Prosecution,Provision relating to time for putting application in order for grant.,None,None,None,High,https://ipindia.gov.in/acts/patent-act-1970/section-21,IP-IN-ACT-1970,Verified via Official Index,
IN-PA-22,Patents Act,1970,Section,4,Section 22-24,Omitted,,Omitted provision.,None,None,None,None,https://ipindia.gov.in/acts/patent-act-1970/section-22-24-2,IP-IN-ACT-1970,Verified via Official Index,
IN-PA-25,Patents Act,1970,Section,5,Section 25,Opposition to the patent,Patent Prosecution,Provision relating to opposition to the patent.,None,None,None,High,https://ipindia.gov.in/acts/patent-act-1970/section-25,IP-IN-ACT-1970,Verified via Official Index,
IN-PA-S25-1-j,Patents Act,1970,Section,5,25(1)(j),Opposition to the patent (Pre-grant) - non-disclosure of biological material,"opposition, biological material, disclosure of source/geographical origin",Pre-grant opposition ground: that the complete specification does not disclose or wrongly mentions the source or geographical origin of biological material used for the invention.,High,Medium,Critical,Medium,https://ipindia.gov.in/writereaddata/Portal/ev/rules/pdf/Patents_Act_1970.pdf,IP-IN-ACT-1970,Verified,Enables third parties to oppose patents that fail to disclose or falsely claim source of biological material.
IN-PA-S25-1-k,Patents Act,1970,Section,5,25(1)(k),Opposition to the patent (Pre-grant) - anticipation by traditional knowledge,"opposition, traditional knowledge","Pre-grant opposition ground: that the invention so far as claimed in any claim of the complete specification is anticipated having regard to the knowledge, oral or otherwise, available within any local or indigenous community in India or elsewhere.",Critical,Critical,Medium,Medium,https://ipindia.gov.in/writereaddata/Portal/ev/rules/pdf/Patents_Act_1970.pdf,IP-IN-ACT-1970,Verified,The primary mechanism used in conjunction with TKDL to oppose bad patents prior to grant.
IN-PA-S25-2-j,Patents Act,1970,Section,5,25(2)(j),Opposition to the patent (Post-grant) - non-disclosure of biological material,"opposition, biological material, disclosure of source/geographical origin",Post-grant opposition ground (within one year): that the complete specification does not disclose or wrongly mentions the source or geographical origin of biological material used for the invention.,High,Medium,Critical,Medium,https://ipindia.gov.in/writereaddata/Portal/ev/rules/pdf/Patents_Act_1970.pdf,IP-IN-ACT-1970,Verified,Allows challenging a granted patent for biological material source failure.
IN-PA-S25-2-k,Patents Act,1970,Section,5,25(2)(k),Opposition to the patent (Post-grant) - anticipation by traditional knowledge,"opposition, traditional knowledge","Post-grant opposition ground (within one year): that the invention so far as claimed in any claim of the complete specification is anticipated having regard to the knowledge, oral or otherwise, available within any local or indigenous community in India or elsewhere.",Critical,Critical,Medium,Medium,https://ipindia.gov.in/writereaddata/Portal/ev/rules/pdf/Patents_Act_1970.pdf,IP-IN-ACT-1970,Verified,Allows challenging a granted patent based on traditional knowledge.
IN-PA-26,Patents Act,1970,Section,5,Section 26,"In cases of ""obtaining"" Controller may treat the patent as the patent of opponent",General Administration,"Provision relating to in cases of ""obtaining"" controller may treat the patent as the patent of opponent.",None,None,None,None,https://ipindia.gov.in/acts/patent-act-1970/section-26,IP-IN-ACT-1970,Verified via Official Index,
IN-PA-27,Patents Act,1970,Section,5,Section 27,Omitted,,Omitted provision.,None,None,None,None,https://ipindia.gov.in/acts/patent-act-1970/section-27,IP-IN-ACT-1970,Verified via Official Index,
IN-PA-28,Patents Act,1970,Section,5,Section 28,Mention of inventor as such in patent,General Administration,Provision relating to mention of inventor as such in patent.,None,None,None,None,https://ipindia.gov.in/acts/patent-act-1970/section-28,IP-IN-ACT-1970,Verified via Official Index,
IN-PA-29,Patents Act,1970,Section,6,Section 29,Anticipation by previous publication,Traditional Knowledge,Provision relating to anticipation by previous publication.,None,High,None,None,https://ipindia.gov.in/acts/patent-act-1970/section-29,IP-IN-ACT-1970,Verified via Official Index,
IN-PA-30,Patents Act,1970,Section,6,Section 30,Anticipation by previous communication to Government,Traditional Knowledge,Provision relating to anticipation by previous communication to government.,None,High,None,None,https://ipindia.gov.in/acts/patent-act-1970/section-30,IP-IN-ACT-1970,Verified via Official Index,
IN-PA-31,Patents Act,1970,Section,6,Section 31,"Anticipation by public display, etc",Traditional Knowledge,"Provision relating to anticipation by public display, etc.",None,High,None,None,https://ipindia.gov.in/acts/patent-act-1970/section-31,IP-IN-ACT-1970,Verified via Official Index,
IN-PA-32,Patents Act,1970,Section,6,Section 32,Anticipation by public working,Traditional Knowledge,Provision relating to anticipation by public working.,None,High,None,None,https://ipindia.gov.in/acts/patent-act-1970/section-32,IP-IN-ACT-1970,Verified via Official Index,
IN-PA-33,Patents Act,1970,Section,6,Section 33,Anticipation by use and publication after provisional specification,Patent Prosecution,Provision relating to anticipation by use and publication after provisional specification.,None,High,None,High,https://ipindia.gov.in/acts/patent-act-1970/section-33,IP-IN-ACT-1970,Verified via Official Index,
IN-PA-34,Patents Act,1970,Section,6,Section 34,"No anticipation if circumstances are only as described in sections 29,30,31 and 32",Traditional Knowledge,"Provision relating to no anticipation if circumstances are only as described in sections 29,30,31 and 32.",None,High,None,None,https://ipindia.gov.in/acts/patent-act-1970/section-34,IP-IN-ACT-1970,Verified via Official Index,
IN-PA-35,Patents Act,1970,Section,7,Section 35,Secrecy directions relating to inventions relevant for defence purposes,Patentability Criteria,Provision relating to secrecy directions relating to inventions relevant for defence purposes.,None,None,None,Critical,https://ipindia.gov.in/acts/patent-act-1970/section-35,IP-IN-ACT-1970,Verified via Official Index,
IN-PA-36,Patents Act,1970,Section,7,Section 36,Secrecy directions to be periodically reviewed,General Administration,Provision relating to secrecy directions to be periodically reviewed.,None,None,None,None,https://ipindia.gov.in/acts/patent-act-1970/section-36,IP-IN-ACT-1970,Verified via Official Index,
IN-PA-37,Patents Act,1970,Section,7,Section 37,Consequences of secrecy directions,General Administration,Provision relating to consequences of secrecy directions.,None,None,None,None,https://ipindia.gov.in/acts/patent-act-1970/section-37,IP-IN-ACT-1970,Verified via Official Index,
IN-PA-38,Patents Act,1970,Section,7,Section 38,Revocation of secrecy directions and extension of time,Patent Prosecution,Provision relating to revocation of secrecy directions and extension of time.,None,None,None,High,https://ipindia.gov.in/acts/patent-act-1970/section-38,IP-IN-ACT-1970,Verified via Official Index,
IN-PA-39,Patents Act,1970,Section,7,Section 39,Residents not to apply for patents outside India without prior permission,General Administration,Provision relating to residents not to apply for patents outside india without prior permission.,None,None,None,None,https://ipindia.gov.in/acts/patent-act-1970/section-39,IP-IN-ACT-1970,Verified via Official Index,
IN-PA-40,Patents Act,1970,Section,7,Section 40,Liability for contravention of section 35 or section 39,General Administration,Provision relating to liability for contravention of section 35 or section 39.,None,None,None,None,https://ipindia.gov.in/acts/patent-act-1970/section-40,IP-IN-ACT-1970,Verified via Official Index,
IN-PA-41,Patents Act,1970,Section,7,Section 41,Finality of orders of Controller and Central Government,General Administration,Provision relating to finality of orders of controller and central government.,None,None,None,None,https://ipindia.gov.in/acts/patent-act-1970/section-41,IP-IN-ACT-1970,Verified via Official Index,
IN-PA-42,Patents Act,1970,Section,7,Section 42,Savings respecting disclosure to Government,General Administration,Provision relating to savings respecting disclosure to government.,None,None,None,None,https://ipindia.gov.in/acts/patent-act-1970/section-42,IP-IN-ACT-1970,Verified via Official Index,
IN-PA-43,Patents Act,1970,Section,8,Section 43,Grant of patents,Patent Prosecution,Provision relating to grant of patents.,None,None,None,High,https://ipindia.gov.in/acts/patent-act-1970/section-43,IP-IN-ACT-1970,Verified via Official Index,
IN-PA-44,Patents Act,1970,Section,8,Section 44,Amendment of patent granted to deceased applicant,Patent Prosecution,Provision relating to amendment of patent granted to deceased applicant.,None,None,None,High,https://ipindia.gov.in/acts/patent-act-1970/section-44,IP-IN-ACT-1970,Verified via Official Index,
IN-PA-45,Patents Act,1970,Section,8,Section 45,Date of patent,General Administration,Provision relating to date of patent.,None,None,None,None,https://ipindia.gov.in/acts/patent-act-1970/section-45,IP-IN-ACT-1970,Verified via Official Index,
IN-PA-46,Patents Act,1970,Section,8,Section 46,"Form, extent and effect of patent",General Administration,"Provision relating to form, extent and effect of patent.",None,None,None,None,https://ipindia.gov.in/acts/patent-act-1970/section-46,IP-IN-ACT-1970,Verified via Official Index,
IN-PA-47,Patents Act,1970,Section,8,Section 47,Grant of patents to be subject to certain conditions,Patent Prosecution,Provision relating to grant of patents to be subject to certain conditions.,None,None,None,High,https://ipindia.gov.in/acts/patent-act-1970/section-47,IP-IN-ACT-1970,Verified via Official Index,
IN-PA-48,Patents Act,1970,Section,8,Section 48,Rights of patentees,General Administration,Provision relating to rights of patentees.,None,None,None,None,https://ipindia.gov.in/acts/patent-act-1970/section-48,IP-IN-ACT-1970,Verified via Official Index,
IN-PA-49,Patents Act,1970,Section,8,Section 49,"Patent rights not infringed when used on foreign vessels etc., temporarily or accidentally in India",General Administration,"Provision relating to patent rights not infringed when used on foreign vessels etc., temporarily or accidentally in india.",None,None,None,None,https://ipindia.gov.in/acts/patent-act-1970/section-49,IP-IN-ACT-1970,Verified via Official Index,
IN-PA-50,Patents Act,1970,Section,8,Section 50,Rights of co-owners of patents,General Administration,Provision relating to rights of co-owners of patents.,None,None,None,None,https://ipindia.gov.in/acts/patent-act-1970/section-50,IP-IN-ACT-1970,Verified via Official Index,
IN-PA-51,Patents Act,1970,Section,8,Section 51,Power of Controller to give directions to co-owners,General Administration,Provision relating to power of controller to give directions to co-owners.,None,None,None,None,https://ipindia.gov.in/acts/patent-act-1970/section-51,IP-IN-ACT-1970,Verified via Official Index,
IN-PA-52,Patents Act,1970,Section,8,Section 52,Grant of patent to true and first inventor where it has been obtained by another in fraud of him,Patent Prosecution,Provision relating to grant of patent to true and first inventor where it has been obtained by another in fraud of him.,None,None,None,High,https://ipindia.gov.in/acts/patent-act-1970/section-52,IP-IN-ACT-1970,Verified via Official Index,
IN-PA-53,Patents Act,1970,Section,8,Section 53,Term of patent,General Administration,Provision relating to term of patent.,None,None,None,None,https://ipindia.gov.in/acts/patent-act-1970/section-53,IP-IN-ACT-1970,Verified via Official Index,
IN-PA-54,Patents Act,1970,Section,9,Section 54,Patents of addition,General Administration,Provision relating to patents of addition.,None,None,None,None,https://ipindia.gov.in/acts/patent-act-1970/section-54,IP-IN-ACT-1970,Verified via Official Index,
IN-PA-55,Patents Act,1970,Section,9,Section 55,Term of patents of addition,General Administration,Provision relating to term of patents of addition.,None,None,None,None,https://ipindia.gov.in/acts/patent-act-1970/section-55,IP-IN-ACT-1970,Verified via Official Index,
IN-PA-56,Patents Act,1970,Section,9,Section 56,Validity of patents of addition,General Administration,Provision relating to validity of patents of addition.,None,None,None,None,https://ipindia.gov.in/acts/patent-act-1970/section-56,IP-IN-ACT-1970,Verified via Official Index,
IN-PA-57,Patents Act,1970,Section,10,Section 57,Amendment of application and specification or any document related thereto before Controller,Patent Prosecution,Provision relating to amendment of application and specification or any document related thereto before controller.,None,None,None,High,https://ipindia.gov.in/acts/patent-act-1970/section-57,IP-IN-ACT-1970,Verified via Official Index,
IN-PA-58,Patents Act,1970,Section,10,Section 58,Amendment of specification before Appellate Board or High Court,Patent Prosecution,Provision relating to amendment of specification before appellate board or high court.,None,None,None,High,https://ipindia.gov.in/acts/patent-act-1970/section-58,IP-IN-ACT-1970,Verified via Official Index,
IN-PA-59,Patents Act,1970,Section,10,Section 59,Supplementary provisions as to amendment of application or specification,Patent Prosecution,Provision relating to supplementary provisions as to amendment of application or specification.,None,None,None,High,https://ipindia.gov.in/acts/patent-act-1970/section-59,IP-IN-ACT-1970,Verified via Official Index,
IN-PA-60,Patents Act,1970,Section,11,Section 60,Applications for restoration of lapsed patents,General Administration,Provision relating to applications for restoration of lapsed patents.,None,None,None,None,https://ipindia.gov.in/acts/patent-act-1970/section-60,IP-IN-ACT-1970,Verified via Official Index,
IN-PA-61,Patents Act,1970,Section,11,Section 61,Procedure for disposal of applications for restoration of lapsed patents,General Administration,Provision relating to procedure for disposal of applications for restoration of lapsed patents.,None,None,None,None,https://ipindia.gov.in/acts/patent-act-1970/61,IP-IN-ACT-1970,Verified via Official Index,
IN-PA-62,Patents Act,1970,Section,11,Section 62,Rights of patentees of lapsed patents which have been restored,General Administration,Provision relating to rights of patentees of lapsed patents which have been restored.,None,None,None,None,https://ipindia.gov.in/acts/patent-act-1970/section-62,IP-IN-ACT-1970,Verified via Official Index,
IN-PA-63,Patents Act,1970,Section,12,Section 63,Surrender of patents,General Administration,Provision relating to surrender of patents.,None,None,None,None,https://ipindia.gov.in/acts/patent-act-1970/section-63,IP-IN-ACT-1970,Verified via Official Index,
IN-PA-64,Patents Act,1970,Section,12,Section 64,Revocation of patents,Patent Prosecution,Provision relating to revocation of patents.,None,None,None,High,https://ipindia.gov.in/acts/patent-act-1970/section-64,IP-IN-ACT-1970,Verified via Official Index,
IN-PA-S64-1-p,Patents Act,1970,Section,12,64(1)(p),Revocation of patents - non-disclosure of biological material,"revocation, biological material, disclosure of source/geographical origin",Ground for revocation: that the complete specification does not disclose or wrongly mentions the source or geographical origin of biological material used for the invention.,High,Medium,Critical,Medium,https://ipindia.gov.in/writereaddata/Portal/ev/rules/pdf/Patents_Act_1970.pdf,IP-IN-ACT-1970,Verified,Allows revocation of a patent at any time during its term on this ground.
IN-PA-S64-1-q,Patents Act,1970,Section,12,64(1)(q),Revocation of patents - anticipation by traditional knowledge,"revocation, traditional knowledge","Ground for revocation: that the invention so far as claimed in any claim of the complete specification was anticipated having regard to the knowledge, oral or otherwise, available within any local or indigenous community in India or elsewhere.",Critical,Critical,Medium,Medium,https://ipindia.gov.in/writereaddata/Portal/ev/rules/pdf/Patents_Act_1970.pdf,IP-IN-ACT-1970,Verified,Allows revocation of a patent at any time during its term based on traditional knowledge.
IN-PA-65,Patents Act,1970,Section,12,Section 65,Revocation of patent or amendment of complete specification on directions from Government in cases relating to atomic energy,Patent Prosecution,Provision relating to revocation of patent or amendment of complete specification on directions from government in cases relating to atomic energy.,None,None,None,High,https://ipindia.gov.in/acts/patent-act-1970/section-65,IP-IN-ACT-1970,Verified via Official Index,
IN-PA-66,Patents Act,1970,Section,12,Section 66,Revocation of patent in public interest,Patent Prosecution,Provision relating to revocation of patent in public interest.,None,None,None,High,https://ipindia.gov.in/acts/patent-act-1970/section-66,IP-IN-ACT-1970,Verified via Official Index,
IN-PA-67,Patents Act,1970,Section,13,Section 67,Register of patents and particulars to be entered therein,General Administration,Provision relating to register of patents and particulars to be entered therein.,None,None,None,None,https://ipindia.gov.in/acts/patent-act-1970/section-67,IP-IN-ACT-1970,Verified via Official Index,
IN-PA-68,Patents Act,1970,Section,13,Section 68,"Assignments, etc., not to be valid unless in writing and duly executed",General Administration,"Provision relating to assignments, etc., not to be valid unless in writing and duly executed.",None,None,None,None,https://ipindia.gov.in/acts/patent-act-1970/section-68,IP-IN-ACT-1970,Verified via Official Index,
IN-PA-69,Patents Act,1970,Section,13,Section 69,"Registration of assignments, transmissions, etc",General Administration,"Provision relating to registration of assignments, transmissions, etc.",None,None,None,None,https://ipindia.gov.in/acts/patent-act-1970/section-69,IP-IN-ACT-1970,Verified via Official Index,
IN-PA-70,Patents Act,1970,Section,13,Section 70,Power of registered grantee or proprietor to deal with patent,Patent Prosecution,Provision relating to power of registered grantee or proprietor to deal with patent.,None,None,None,High,https://ipindia.gov.in/acts/patent-act-1970/section-70,IP-IN-ACT-1970,Verified via Official Index,
IN-PA-71,Patents Act,1970,Section,13,Section 71,Rectification of register by Appellate Board,General Administration,Provision relating to rectification of register by appellate board.,None,None,None,None,https://ipindia.gov.in/acts/patent-act-1970/section-71,IP-IN-ACT-1970,Verified via Official Index,
IN-PA-72,Patents Act,1970,Section,13,Section 72,Register to be open for inspection,General Administration,Provision relating to register to be open for inspection.,None,None,None,None,https://ipindia.gov.in/acts/patent-act-1970/section-72,IP-IN-ACT-1970,Verified via Official Index,
IN-PA-73,Patents Act,1970,Section,14,Section 73,Controller and other officers,General Administration,Provision relating to controller and other officers.,None,None,None,None,https://ipindia.gov.in/acts/patent-act-1970/section-73,IP-IN-ACT-1970,Verified via Official Index,
IN-PA-74,Patents Act,1970,Section,14,Section 74,Patent office and its branches,General Administration,Provision relating to patent office and its branches.,None,None,None,None,https://ipindia.gov.in/acts/patent-act-1970/section-74,IP-IN-ACT-1970,Verified via Official Index,
IN-PA-75,Patents Act,1970,Section,14,Section 75,Restriction on employees of patent office as to right or interest in patents,General Administration,Provision relating to restriction on employees of patent office as to right or interest in patents.,None,None,None,None,https://ipindia.gov.in/acts/patent-act-1970/section-75,IP-IN-ACT-1970,Verified via Official Index,
IN-PA-76,Patents Act,1970,Section,14,Section 76,"Officers and employees not to furnish information, etc",General Administration,"Provision relating to officers and employees not to furnish information, etc.",None,None,None,None,https://ipindia.gov.in/acts/patent-act-1970/section-76,IP-IN-ACT-1970,Verified via Official Index,
IN-PA-77,Patents Act,1970,Section,15,Section 77,Controller to have certain powers of a civil court,General Administration,Provision relating to controller to have certain powers of a civil court.,None,None,None,None,https://ipindia.gov.in/acts/patent-act-1970/section-77,IP-IN-ACT-1970,Verified via Official Index,
IN-PA-78,Patents Act,1970,Section,15,Section 78,"Power of Controller to correct clerical errors, etc",General Administration,"Provision relating to power of controller to correct clerical errors, etc.",None,None,None,None,https://ipindia.gov.in/acts/patent-act-1970/section-78,IP-IN-ACT-1970,Verified via Official Index,
IN-PA-79,Patents Act,1970,Section,15,Section 79,Evidence how to be given and powers of Controller in respect thereof,General Administration,Provision relating to evidence how to be given and powers of controller in respect thereof.,None,None,None,None,https://ipindia.gov.in/acts/patent-act-1970/section-79,IP-IN-ACT-1970,Verified via Official Index,
IN-PA-80,Patents Act,1970,Section,15,Section 80,Exercise of discretionary powers by Controller,General Administration,Provision relating to exercise of discretionary powers by controller.,None,None,None,None,https://ipindia.gov.in/acts/patent-act-1970/section-80,IP-IN-ACT-1970,Verified via Official Index,
IN-PA-81,Patents Act,1970,Section,15,Section 81,Disposal by Controller of applications for extension of time,General Administration,Provision relating to disposal by controller of applications for extension of time.,None,None,None,None,https://ipindia.gov.in/acts/patent-act-1970/section-81,IP-IN-ACT-1970,Verified via Official Index,
IN-PA-82,Patents Act,1970,Section,16,Section 82,"Definition of ""patented articles"" and ""patentee""",General Administration,"Provision relating to definition of ""patented articles"" and ""patentee"".",None,None,None,None,https://ipindia.gov.in/acts/patent-act-1970/section-82,IP-IN-ACT-1970,Verified via Official Index,
IN-PA-83,Patents Act,1970,Section,16,Section 83,General principles applicable to working of patented inventions,Patentability Criteria,Provision relating to general principles applicable to working of patented inventions.,None,None,None,Critical,https://ipindia.gov.in/acts/patent-act-1970/section-83,IP-IN-ACT-1970,Verified via Official Index,
IN-PA-84,Patents Act,1970,Section,16,Section 84,Compulsory licences,compulsory licensing,"Any person interested may make an application to the Controller for grant of compulsory licence on patent after three years from date of grant of a patent on grounds including reasonable requirements of public not satisfied, or invention is not available to public at reasonably affordable price, or invention is not worked in the territory of India.",Medium,Low,Low,Medium,https://ipindia.gov.in/acts/patent-act-1970/section-84,IP-IN-ACT-1970,Verified via Official Index,Can be utilized if patented medicinal products derived from TK are not accessible to the public.
IN-PA-85,Patents Act,1970,Section,16,Section 85,Revocation of patents by the Controller for non-working,Patent Prosecution,Provision relating to revocation of patents by the controller for non-working.,None,None,None,High,https://ipindia.gov.in/acts/patent-act-1970/section-85,IP-IN-ACT-1970,Verified via Official Index,
IN-PA-86,Patents Act,1970,Section,16,Section 86,"Power of Controller to adjourn applications for compulsory licences, etc., in certain cases",General Administration,"Provision relating to power of controller to adjourn applications for compulsory licences, etc., in certain cases.",None,None,None,None,https://ipindia.gov.in/acts/patent-act-1970/section-86,IP-IN-ACT-1970,Verified via Official Index,
IN-PA-87,Patents Act,1970,Section,16,Section 87,Procedure for dealing with applications under sections 84 and 85,General Administration,Provision relating to procedure for dealing with applications under sections 84 and 85.,None,None,None,None,https://ipindia.gov.in/acts/patent-act-1970/section-87,IP-IN-ACT-1970,Verified via Official Index,
IN-PA-88,Patents Act,1970,Section,16,Section 88,Powers of Controller in granting compulsory licences,Patent Prosecution,Provision relating to powers of controller in granting compulsory licences.,None,None,None,High,https://ipindia.gov.in/acts/patent-act-1970/section-88,IP-IN-ACT-1970,Verified via Official Index,
IN-PA-89,Patents Act,1970,Section,16,Section 89,General purposes for granting compulsory licences,Patent Prosecution,Provision relating to general purposes for granting compulsory licences.,None,None,None,High,https://ipindia.gov.in/acts/patent-act-1970/section-89,IP-IN-ACT-1970,Verified via Official Index,
IN-PA-90,Patents Act,1970,Section,16,Section 90,Terms and conditions of compulsory licences,General Administration,Provision relating to terms and conditions of compulsory licences.,None,None,None,None,https://ipindia.gov.in/acts/patent-act-1970/section-90,IP-IN-ACT-1970,Verified via Official Index,
IN-PA-91,Patents Act,1970,Section,16,Section 91,Licensing of related patents,General Administration,Provision relating to licensing of related patents.,None,None,None,None,https://ipindia.gov.in/acts/patent-act-1970/section-91,IP-IN-ACT-1970,Verified via Official Index,
IN-PA-92,Patents Act,1970,Section,16,Section 92,Special provision for compulsory licences on notifications by Central Government,General Administration,Provision relating to special provision for compulsory licences on notifications by central government.,None,None,None,None,https://ipindia.gov.in/acts/patent-act-1970/section-92,IP-IN-ACT-1970,Verified via Official Index,
IN-PA-92A,Patents Act,1970,Section,16,Section 92A,Compulsory licence for export of patented pharmaceutical products in certain exceptional circumstances,General Administration,Provision relating to compulsory licence for export of patented pharmaceutical products in certain exceptional circumstances.,None,None,None,None,https://ipindia.gov.in/acts/patent-act-1970/section-92a,IP-IN-ACT-1970,Verified via Official Index,
IN-PA-93,Patents Act,1970,Section,16,Section 93,Order for licence to operate as a deed between parties concerned,General Administration,Provision relating to order for licence to operate as a deed between parties concerned.,None,None,None,None,https://ipindia.gov.in/acts/patent-act-1970/section-93,IP-IN-ACT-1970,Verified via Official Index,
IN-PA-94,Patents Act,1970,Section,16,Section 94,Termination of compulsory licence,General Administration,Provision relating to termination of compulsory licence.,None,None,None,None,https://ipindia.gov.in/acts/patent-act-1970/section-94,IP-IN-ACT-1970,Verified via Official Index,
IN-PA-95,Patents Act,1970,Section,16,Section 95-98,[Omitted],,Omitted provision.,None,None,None,None,https://ipindia.gov.in/acts/patent-act-1970/section-95-98,IP-IN-ACT-1970,Verified via Official Index,Omitted provision.
IN-PA-99,Patents Act,1970,Section,17,Section 99,Meaning of use of invention for purposes of Government,Patentability Criteria,Provision relating to meaning of use of invention for purposes of government.,None,None,None,Critical,https://ipindia.gov.in/acts/patent-act-1970/section-99,IP-IN-ACT-1970,Verified via Official Index,
IN-PA-100,Patents Act,1970,Section,17,Section 100,Power of Central Government to use inventions for purposes of Government,Patentability Criteria,Provision relating to power of central government to use inventions for purposes of government.,None,None,None,Critical,https://ipindia.gov.in/acts/patent-act-1970/section-100,IP-IN-ACT-1970,Verified via Official Index,
IN-PA-101,Patents Act,1970,Section,17,Section 101,Rights of third parties in respect of use of invention for purposes of Government,Patentability Criteria,Provision relating to rights of third parties in respect of use of invention for purposes of government.,None,None,None,Critical,https://ipindia.gov.in/acts/patent-act-1970/section-101,IP-IN-ACT-1970,Verified via Official Index,
IN-PA-102,Patents Act,1970,Section,17,Section 102,Acquisition of inventions and patents by the Central Government,Patentability Criteria,Provision relating to acquisition of inventions and patents by the central government.,None,None,None,Critical,https://ipindia.gov.in/acts/patent-act-1970/section-102,IP-IN-ACT-1970,Verified via Official Index,
IN-PA-103,Patents Act,1970,Section,17,Section 103,Reference to High Court of disputes as to use for purposes of Government,General Administration,Provision relating to reference to high court of disputes as to use for purposes of government.,None,None,None,None,https://ipindia.gov.in/acts/patent-act-1970/section-103,IP-IN-ACT-1970,Verified via Official Index,
IN-PA-104,Patents Act,1970,Section,18,Section 104,Jurisdiction,General Administration,Provision relating to jurisdiction.,None,None,None,None,https://ipindia.gov.in/acts/patent-act-1970/section-104,IP-IN-ACT-1970,Verified via Official Index,
IN-PA-104A,Patents Act,1970,Section,18,Section 104A,Burden of proof in case of suits concerning infringement,General Administration,Provision relating to burden of proof in case of suits concerning infringement.,None,None,None,None,https://ipindia.gov.in/acts/patent-act-1970/section-104a,IP-IN-ACT-1970,Verified via Official Index,
IN-PA-105,Patents Act,1970,Section,18,Section 105,Power of court to make declaration as to non-infringement,General Administration,Provision relating to power of court to make declaration as to non-infringement.,None,None,None,None,https://ipindia.gov.in/acts/patent-act-1970/section-105,IP-IN-ACT-1970,Verified via Official Index,
IN-PA-106,Patents Act,1970,Section,18,Section 106,Power of court to grant relief in cases of groundless threats of infringement proceedings,Patent Prosecution,Provision relating to power of court to grant relief in cases of groundless threats of infringement proceedings.,None,None,None,High,https://ipindia.gov.in/acts/patent-act-1970/section-106,IP-IN-ACT-1970,Verified via Official Index,
IN-PA-107,Patents Act,1970,Section,18,Section 107,"Defences, etc., in suits for infringement",General Administration,"Provision relating to defences, etc., in suits for infringement.",None,None,None,None,https://ipindia.gov.in/acts/patent-act-1970/section-107,IP-IN-ACT-1970,Verified via Official Index,
IN-PA-107A,Patents Act,1970,Section,18,Section 107A,Certain acts not to be considered as infringement,General Administration,Provision relating to certain acts not to be considered as infringement.,None,None,None,None,https://ipindia.gov.in/acts/patent-act-1970/section-107a,IP-IN-ACT-1970,Verified via Official Index,
IN-PA-108,Patents Act,1970,Section,18,Section 108,Reliefs in suit for infringement,General Administration,Provision relating to reliefs in suit for infringement.,None,None,None,None,https://ipindia.gov.in/acts/patent-act-1970/section-108,IP-IN-ACT-1970,Verified via Official Index,
IN-PA-109,Patents Act,1970,Section,18,Section 109,Right of exclusive licensee to take proceedings against infringement,General Administration,Provision relating to right of exclusive licensee to take proceedings against infringement.,None,None,None,None,https://ipindia.gov.in/acts/patent-act-1970/section-109,IP-IN-ACT-1970,Verified via Official Index,
IN-PA-110,Patents Act,1970,Section,18,Section 110,Right of licensee under section 84 to take proceedings against infringement,General Administration,Provision relating to right of licensee under section 84 to take proceedings against infringement.,None,None,None,None,https://ipindia.gov.in/acts/patent-act-1970/section-110,IP-IN-ACT-1970,Verified via Official Index,
IN-PA-111,Patents Act,1970,Section,18,Section 111,Restriction on power of court to grant damages or account of profits for infringement,Patent Prosecution,Provision relating to restriction on power of court to grant damages or account of profits for infringement.,None,None,None,High,https://ipindia.gov.in/acts/patent-act-1970/section-111,IP-IN-ACT-1970,Verified via Official Index,
IN-PA-112,Patents Act,1970,Section,18,Section 112,[Omitted],,Omitted provision.,None,None,None,None,https://ipindia.gov.in/acts/patent-act-1970/section-112,IP-IN-ACT-1970,Verified via Official Index,Omitted provision.
IN-PA-113,Patents Act,1970,Section,18,Section 113,Certificate of validity of specification and costs of subsequent suits for infringement thereof,Patent Prosecution,Provision relating to certificate of validity of specification and costs of subsequent suits for infringement thereof.,None,None,None,High,https://ipindia.gov.in/acts/patent-act-1970/section-113,IP-IN-ACT-1970,Verified via Official Index,
IN-PA-114,Patents Act,1970,Section,18,Section 114,Relief for infringement of partially valid specification,Patent Prosecution,Provision relating to relief for infringement of partially valid specification.,None,None,None,High,https://ipindia.gov.in/acts/patent-act-1970/section-114,IP-IN-ACT-1970,Verified via Official Index,
IN-PA-115,Patents Act,1970,Section,18,Section 115,Scientific advisers,General Administration,Provision relating to scientific advisers.,None,None,None,None,https://ipindia.gov.in/acts/patent-act-1970/section-115,IP-IN-ACT-1970,Verified via Official Index,
IN-PA-116,Patents Act,1970,Section,19,Section 116,Appellate Board,General Administration,Provision relating to appellate board.,None,None,None,None,https://ipindia.gov.in/acts/patent-act-1970/section-116,IP-IN-ACT-1970,Verified via Official Index,
IN-PA-117,Patents Act,1970,Section,19,Section 117,Staff of Appellate Board,General Administration,Provision relating to staff of appellate board.,None,None,None,None,https://ipindia.gov.in/acts/patent-act-1970/section-117,IP-IN-ACT-1970,Verified via Official Index,
IN-PA-117A,Patents Act,1970,Section,19,Section 117A,Appeals to Appellate Board,General Administration,Provision relating to appeals to appellate board.,None,None,None,None,https://ipindia.gov.in/acts/patent-act-1970/section-117a,IP-IN-ACT-1970,Verified via Official Index,
IN-PA-117B,Patents Act,1970,Section,19,Section 117B,Procedure and powers of Appellate Board,General Administration,Provision relating to procedure and powers of appellate board.,None,None,None,None,https://ipindia.gov.in/acts/patent-act-1970/section-117b,IP-IN-ACT-1970,Verified via Official Index,
IN-PA-117C,Patents Act,1970,Section,19,Section 117C,"Bar of jurisdiction of courts, etc.",General Administration,"Provision relating to bar of jurisdiction of courts, etc..",None,None,None,None,https://ipindia.gov.in/acts/patent-act-1970/section-117c,IP-IN-ACT-1970,Verified via Official Index,
IN-PA-117D,Patents Act,1970,Section,19,Section 117D,"Procedure for application for rectification, etc., before Appellate Board",General Administration,"Provision relating to procedure for application for rectification, etc., before appellate board.",None,None,None,None,https://ipindia.gov.in/acts/patent-act-1970/section-117d,IP-IN-ACT-1970,Verified via Official Index,
IN-PA-117E,Patents Act,1970,Section,19,Section 117E,Appearance of Controller in legal proceedings,General Administration,Provision relating to appearance of controller in legal proceedings.,None,None,None,None,https://ipindia.gov.in/acts/patent-act-1970/section-117e,IP-IN-ACT-1970,Verified via Official Index,
IN-PA-117F,Patents Act,1970,Section,19,Section 117F,Costs of Controller in proceedings before Appellate Board,General Administration,Provision relating to costs of controller in proceedings before appellate board.,None,None,None,None,https://ipindia.gov.in/acts/patent-act-1970/section-117f,IP-IN-ACT-1970,Verified via Official Index,
IN-PA-117G,Patents Act,1970,Section,19,Section 117G,Transfer of pending proceedings to Appellate Board,General Administration,Provision relating to transfer of pending proceedings to appellate board.,None,None,None,None,https://ipindia.gov.in/acts/patent-act-1970/section-117g,IP-IN-ACT-1970,Verified via Official Index,
IN-PA-117H,Patents Act,1970,Section,19,Section 117H,Power of Appellate Board to make rules,General Administration,Provision relating to power of appellate board to make rules.,None,None,None,None,https://ipindia.gov.in/acts/patent-act-1970/section-117h,IP-IN-ACT-1970,Verified via Official Index,
IN-PA-118,Patents Act,1970,Section,20,Section 118,Contravention of secrecy provisions relating to certain inventions,Patentability Criteria,Provision relating to contravention of secrecy provisions relating to certain inventions.,None,None,None,Critical,https://ipindia.gov.in/acts/patent-act-1970/section-118,IP-IN-ACT-1970,Verified via Official Index,
IN-PA-119,Patents Act,1970,Section,20,Section 119,"Falsification of entries in register, etc",General Administration,"Provision relating to falsification of entries in register, etc.",None,None,None,None,https://ipindia.gov.in/acts/patent-act-1970/section-119,IP-IN-ACT-1970,Verified via Official Index,
IN-PA-120,Patents Act,1970,Section,20,Section 120,Unauthorised claim of patent rights,General Administration,Provision relating to unauthorised claim of patent rights.,None,None,None,None,https://ipindia.gov.in/acts/patent-act-1970/section-120,IP-IN-ACT-1970,Verified via Official Index,
IN-PA-121,Patents Act,1970,Section,20,Section 121,"Wrongful use of words ""patent office""",General Administration,"Provision relating to wrongful use of words ""patent office"".",None,None,None,None,https://ipindia.gov.in/acts/patent-act-1970/section-121,IP-IN-ACT-1970,Verified via Official Index,
IN-PA-122,Patents Act,1970,Section,20,Section 122,Refusal or failure to supply information,General Administration,Provision relating to refusal or failure to supply information.,None,None,None,None,https://ipindia.gov.in/acts/patent-act-1970/section-122,IP-IN-ACT-1970,Verified via Official Index,
IN-PA-123,Patents Act,1970,Section,20,Section 123,Practice by non-registered patent agents,General Administration,Provision relating to practice by non-registered patent agents.,None,None,None,None,https://ipindia.gov.in/acts/patent-act-1970/section-123,IP-IN-ACT-1970,Verified via Official Index,
IN-PA-124,Patents Act,1970,Section,20,Section 124,Offences by companies,General Administration,Provision relating to offences by companies.,None,None,None,None,https://ipindia.gov.in/acts/patent-act-1970/section-124,IP-IN-ACT-1970,Verified via Official Index,
IN-PA-125,Patents Act,1970,Section,21,Section 125,Register of patent agents,General Administration,Provision relating to register of patent agents.,None,None,None,None,https://ipindia.gov.in/acts/patent-act-1970/section-125,IP-IN-ACT-1970,Verified via Official Index,
IN-PA-126,Patents Act,1970,Section,21,Section 126,Qualifications for registration as patent agents,General Administration,Provision relating to qualifications for registration as patent agents.,None,None,None,None,https://ipindia.gov.in/acts/patent-act-1970/section-126,IP-IN-ACT-1970,Verified via Official Index,
IN-PA-127,Patents Act,1970,Section,21,Section 127,Rights of patent agents,General Administration,Provision relating to rights of patent agents.,None,None,None,None,https://ipindia.gov.in/acts/patent-act-1970/section-127,IP-IN-ACT-1970,Verified via Official Index,
IN-PA-128,Patents Act,1970,Section,21,Section 128,Subscription and verification of certain documents by patent agents.,General Administration,Provision relating to subscription and verification of certain documents by patent agents..,None,None,None,None,https://ipindia.gov.in/acts/patent-act-1970/section-128,IP-IN-ACT-1970,Verified via Official Index,
IN-PA-129,Patents Act,1970,Section,21,Section 129,Restrictions on practice as patent agents,General Administration,Provision relating to restrictions on practice as patent agents.,None,None,None,None,https://ipindia.gov.in/acts/patent-act-1970/section-129,IP-IN-ACT-1970,Verified via Official Index,
IN-PA-130,Patents Act,1970,Section,21,Section 130,Removal from register of patent agents and restoration,General Administration,Provision relating to removal from register of patent agents and restoration.,None,None,None,None,https://ipindia.gov.in/acts/patent-act-1970/section-130,IP-IN-ACT-1970,Verified via Official Index,
IN-PA-131,Patents Act,1970,Section,21,Section 131,Power of Controller to refuse to deal with certain agents,General Administration,Provision relating to power of controller to refuse to deal with certain agents.,None,None,None,None,https://ipindia.gov.in/acts/patent-act-1970/section-131,IP-IN-ACT-1970,Verified via Official Index,
IN-PA-132,Patents Act,1970,Section,21,Section 132,Savings in respect of other persons authorised to act as agents,General Administration,Provision relating to savings in respect of other persons authorised to act as agents.,None,None,None,None,https://ipindia.gov.in/acts/patent-act-1970/section-132,IP-IN-ACT-1970,Verified via Official Index,
IN-PA-133,Patents Act,1970,Section,22,Section 133,Convention countries,General Administration,Provision relating to convention countries.,None,None,None,None,https://ipindia.gov.in/acts/patent-act-1970/section-133,IP-IN-ACT-1970,Verified via Official Index,
IN-PA-134,Patents Act,1970,Section,22,Section 134,Notification as to countries not providing for reciprocity,General Administration,Provision relating to notification as to countries not providing for reciprocity.,None,None,None,None,https://ipindia.gov.in/acts/patent-act-1970/section-134,IP-IN-ACT-1970,Verified via Official Index,
IN-PA-135,Patents Act,1970,Section,22,Section 135,Convention applications,General Administration,Provision relating to convention applications.,None,None,None,None,https://ipindia.gov.in/acts/patent-act-1970/section-135,IP-IN-ACT-1970,Verified via Official Index,
IN-PA-136,Patents Act,1970,Section,22,Section 136,Special provisions relating to convention application,General Administration,Provision relating to special provisions relating to convention application.,None,None,None,None,https://ipindia.gov.in/acts/patent-act-1970/section-136,IP-IN-ACT-1970,Verified via Official Index,
IN-PA-137,Patents Act,1970,Section,22,Section 137,Multiple priorities,General Administration,Provision relating to multiple priorities.,None,None,None,None,https://ipindia.gov.in/acts/patent-act-1970/section-137,IP-IN-ACT-1970,Verified via Official Index,
IN-PA-138,Patents Act,1970,Section,22,Section 138,Supplementary provisions as to convention applications,international/PCT applications,"Provisions detailing the requirements for convention applications, including the furnishing of copies of specifications filed in convention countries and translations if not in English.",Low,Low,Low,Medium,https://ipindia.gov.in/acts/patent-act-1970/section-138,IP-IN-ACT-1970,Verified via Official Index,Relevant for tracking international filings that may misappropriate traditional knowledge.
IN-PA-139,Patents Act,1970,Section,22,Section 139,Other provisions of Act to apply to convention applications,General Administration,Provision relating to other provisions of act to apply to convention applications.,None,None,None,None,https://ipindia.gov.in/acts/patent-act-1970/section-139,IP-IN-ACT-1970,Verified via Official Index,
IN-PA-140,Patents Act,1970,Section,23,Section 140,Avoidance of certain restrictive conditions,General Administration,Provision relating to avoidance of certain restrictive conditions.,None,None,None,None,https://ipindia.gov.in/acts/patent-act-1970/section-140,IP-IN-ACT-1970,Verified via Official Index,
IN-PA-141,Patents Act,1970,Section,23,Section 141,Determination of certain contracts,General Administration,Provision relating to determination of certain contracts.,None,None,None,None,https://ipindia.gov.in/acts/patent-act-1970/section-141,IP-IN-ACT-1970,Verified via Official Index,
IN-PA-142,Patents Act,1970,Section,23,Section 142,Fees,General Administration,Provision relating to fees.,None,None,None,None,https://ipindia.gov.in/acts/patent-act-1970/section-142,IP-IN-ACT-1970,Verified via Official Index,
IN-PA-143,Patents Act,1970,Section,23,Section 143,Restrictions upon publication of specification,Patent Prosecution,Provision relating to restrictions upon publication of specification.,None,None,None,High,https://ipindia.gov.in/acts/patent-act-1970/section-143,IP-IN-ACT-1970,Verified via Official Index,
IN-PA-144,Patents Act,1970,Section,23,Section 144,Reports of examiners to be confidential,General Administration,Provision relating to reports of examiners to be confidential.,None,None,None,None,https://ipindia.gov.in/acts/patent-act-1970/section-144,IP-IN-ACT-1970,Verified via Official Index,
IN-PA-145,Patents Act,1970,Section,23,Section 145,Publication of official journal,General Administration,Provision relating to publication of official journal.,None,None,None,None,https://ipindia.gov.in/acts/patent-act-1970/section-145,IP-IN-ACT-1970,Verified via Official Index,
IN-PA-146,Patents Act,1970,Section,23,Section 146,Power of Controller to call for information from patentees,General Administration,Provision relating to power of controller to call for information from patentees.,None,None,None,None,https://ipindia.gov.in/acts/patent-act-1970/section-146,IP-IN-ACT-1970,Verified via Official Index,
IN-PA-147,Patents Act,1970,Section,23,Section 147,"Evidence of entries, documents, etc.",General Administration,"Provision relating to evidence of entries, documents, etc..",None,None,None,None,https://ipindia.gov.in/acts/patent-act-1970/section-147,IP-IN-ACT-1970,Verified via Official Index,
IN-PA-148,Patents Act,1970,Section,23,Section 148,"Declaration by infant, lunatic etc",General Administration,"Provision relating to declaration by infant, lunatic etc.",None,None,None,None,https://ipindia.gov.in/acts/patent-act-1970/section-148,IP-IN-ACT-1970,Verified via Official Index,
IN-PA-149,Patents Act,1970,Section,23,Section 149,"Service of notices, etc., by post",General Administration,"Provision relating to service of notices, etc., by post.",None,None,None,None,https://ipindia.gov.in/acts/patent-act-1970/section-149,IP-IN-ACT-1970,Verified via Official Index,
IN-PA-150,Patents Act,1970,Section,23,Section 150,Security for costs,General Administration,Provision relating to security for costs.,None,None,None,None,https://ipindia.gov.in/acts/patent-act-1970/section-150,IP-IN-ACT-1970,Verified via Official Index,
IN-PA-151,Patents Act,1970,Section,23,Section 151,Transmission of orders of courts to Controller,General Administration,Provision relating to transmission of orders of courts to controller.,None,None,None,None,https://ipindia.gov.in/acts/patent-act-1970/section-151,IP-IN-ACT-1970,Verified via Official Index,
IN-PA-152,Patents Act,1970,Section,23,Section 152,[Omitted],,Omitted provision.,None,None,None,None,https://ipindia.gov.in/acts/patent-act-1970/section-152,IP-IN-ACT-1970,Verified via Official Index,Omitted provision.
IN-PA-153,Patents Act,1970,Section,23,Section 153,Information relating to patents,General Administration,Provision relating to information relating to patents.,None,None,None,None,https://ipindia.gov.in/acts/patent-act-1970/section-153,IP-IN-ACT-1970,Verified via Official Index,
IN-PA-154,Patents Act,1970,Section,23,Section 154,Loss or destruction of patents,General Administration,Provision relating to loss or destruction of patents.,None,None,None,None,https://ipindia.gov.in/acts/patent-act-1970/section-154,IP-IN-ACT-1970,Verified via Official Index,
IN-PA-155,Patents Act,1970,Section,23,Section 155,Reports of Controller to be placed before Parliament,General Administration,Provision relating to reports of controller to be placed before parliament.,None,None,None,None,https://ipindia.gov.in/acts/patent-act-1970/section-155,IP-IN-ACT-1970,Verified via Official Index,
IN-PA-156,Patents Act,1970,Section,23,Section 156,Patent to bind Government,General Administration,Provision relating to patent to bind government.,None,None,None,None,https://ipindia.gov.in/acts/patent-act-1970/section-156,IP-IN-ACT-1970,Verified via Official Index,
IN-PA-157,Patents Act,1970,Section,23,Section 157,Right of Government to sell or use forfeited articles,General Administration,Provision relating to right of government to sell or use forfeited articles.,None,None,None,None,https://ipindia.gov.in/acts/patent-act-1970/section-157,IP-IN-ACT-1970,Verified via Official Index,
IN-PA-157A,Patents Act,1970,Section,23,Section 157A,Protection of security of India,General Administration,Provision relating to protection of security of india.,None,None,None,None,https://ipindia.gov.in/acts/patent-act-1970/section-157a,IP-IN-ACT-1970,Verified via Official Index,
IN-PA-158,Patents Act,1970,Section,23,Section 158,Power of High Courts to make rules,General Administration,Provision relating to power of high courts to make rules.,None,None,None,None,https://ipindia.gov.in/acts/patent-act-1970/section-158,IP-IN-ACT-1970,Verified via Official Index,
IN-PA-159,Patents Act,1970,Section,23,Section 159,Power of Central Government to make rules,General Administration,Provision relating to power of central government to make rules.,None,None,None,None,https://ipindia.gov.in/acts/patent-act-1970/section-159,IP-IN-ACT-1970,Verified via Official Index,
IN-PA-160,Patents Act,1970,Section,23,Section 160,Rules to be placed before Parliament,General Administration,Provision relating to rules to be placed before parliament.,None,None,None,None,https://ipindia.gov.in/acts/patent-act-1970/section-160,IP-IN-ACT-1970,Verified via Official Index,
IN-PA-161,Patents Act,1970,Section,23,Section 161,[Omitted],,Omitted provision.,None,None,None,None,https://ipindia.gov.in/acts/patent-act-1970/section-161,IP-IN-ACT-1970,Verified via Official Index,Omitted provision.
IN-PA-162,Patents Act,1970,Section,23,Section 162,Repeal of Act 2 of 1911 in so far as it relates to patents and savings,General Administration,Provision relating to repeal of act 2 of 1911 in so far as it relates to patents and savings.,None,None,None,None,https://ipindia.gov.in/acts/patent-act-1970/section-162,IP-IN-ACT-1970,Verified via Official Index,
IN-PA-163,Patents Act,1970,Section,23,Section 163,[Omitted],,Omitted provision.,None,None,None,None,https://ipindia.gov.in/acts/patent-act-1970/section-163,IP-IN-ACT-1970,Verified via Official Index,Omitted provision.
IN-PR-1,Patents Rules,2003,Rule,1,Rule 1,Short title and commencement,General Administration,Provision relating to short title and commencement.,None,None,None,None,https://ipindia.gov.in/acts/patent-rules-2003/rule-1-2,IP-IN-RULES-2003,Verified via Official Index,
IN-PR-2,Patents Rules,2003,Rule,1,Rule 2,Definitions,General Administration,Provision relating to definitions.,None,None,None,None,https://ipindia.gov.in/acts/patent-rules-2003/rule-2,IP-IN-RULES-2003,Verified via Official Index,
IN-PR-3,Patents Rules,2003,Rule,1,Rule 3,Prescribed particulars,General Administration,Provision relating to prescribed particulars.,None,None,None,None,https://ipindia.gov.in/acts/patent-rules-2003/rule-3,IP-IN-RULES-2003,Verified via Official Index,
IN-PR-4,Patents Rules,2003,Rule,1,Rule 4,Appropriate office,General Administration,Provision relating to appropriate office.,None,None,None,None,https://ipindia.gov.in/acts/patent-rules-2003/rule-4,IP-IN-RULES-2003,Verified via Official Index,
IN-PR-5,Patents Rules,2003,Rule,1,Rule 5,Address for service,General Administration,Provision relating to address for service.,None,None,None,None,https://ipindia.gov.in/acts/patent-rules-2003/rule-5,IP-IN-RULES-2003,Verified via Official Index,
IN-PR-6,Patents Rules,2003,Rule,1,Rule 6,Leaving and serving documents,General Administration,Provision relating to leaving and serving documents.,None,None,None,None,https://ipindia.gov.in/acts/patent-rules-2003/rule-6,IP-IN-RULES-2003,Verified via Official Index,
IN-PR-7,Patents Rules,2003,Rule,1,Rule 7,Fees,General Administration,Provision relating to fees.,None,None,None,None,https://ipindia.gov.in/acts/patent-rules-2003/rule-7,IP-IN-RULES-2003,Verified via Official Index,
IN-PR-8,Patents Rules,2003,Rule,1,Rule 8,Forms,General Administration,Provision relating to forms.,None,None,None,None,https://ipindia.gov.in/acts/patent-rules-2003/rule-8,IP-IN-RULES-2003,Verified via Official Index,
IN-PR-9,Patents Rules,2003,Rule,1,Rule 9,"Filing of documents and copies, etc.",General Administration,"Provision relating to filing of documents and copies, etc..",None,None,None,None,https://ipindia.gov.in/acts/patent-rules-2003/rule-8-2,IP-IN-RULES-2003,Verified via Official Index,
IN-PR-10,Patents Rules,2003,Rule,2,Rule 10,Period within which proof of the right under section 7(2) to make the application shall be furnished,General Administration,Provision relating to period within which proof of the right under section 7(2) to make the application shall be furnished.,None,None,None,None,https://ipindia.gov.in/acts/patent-rules-2003/rule-10,IP-IN-RULES-2003,Verified via Official Index,
IN-PR-11,Patents Rules,2003,Rule,2,Rule 11,Order of recording applications,General Administration,Provision relating to order of recording applications.,None,None,None,None,https://ipindia.gov.in/acts/patent-rules-2003/rule-11,IP-IN-RULES-2003,Verified via Official Index,
IN-PR-12,Patents Rules,2003,Rule,2,Rule 12,Statement and undertaking regarding foreign applications,General Administration,Provision relating to statement and undertaking regarding foreign applications.,None,None,None,None,https://ipindia.gov.in/acts/patent-rules-2003/rule-12,IP-IN-RULES-2003,Verified via Official Index,
IN-PR-13,Patents Rules,2003,Rule,2,Rule 13,Specifications,Patent Prosecution,Provision relating to specifications.,None,None,None,High,https://ipindia.gov.in/acts/patent-rules-2003/rule-13,IP-IN-RULES-2003,Verified via Official Index,
IN-PR-14,Patents Rules,2003,Rule,2,Rule 14,Amendments to Specifications,Patent Prosecution,Provision relating to amendments to specifications.,None,None,None,High,https://ipindia.gov.in/acts/patent-rules-2003/rule-14,IP-IN-RULES-2003,Verified via Official Index,
IN-PR-15,Patents Rules,2003,Rule,2,Rule 15,Drawings,General Administration,Provision relating to drawings.,None,None,None,None,https://ipindia.gov.in/acts/patent-rules-2003/rule-15,IP-IN-RULES-2003,Verified via Official Index,
IN-PR-16,Patents Rules,2003,Rule,2,Rule 16,Models,General Administration,Provision relating to models.,None,None,None,None,https://ipindia.gov.in/acts/patent-rules-2003/rule-16,IP-IN-RULES-2003,Verified via Official Index,
IN-PR-17,Patents Rules,2003,Rule,3,Rule 17,Definitions,General Administration,Provision relating to definitions.,None,None,None,None,https://ipindia.gov.in/acts/patent-rules-2003/rule-17,IP-IN-RULES-2003,Verified via Official Index,
IN-PR-18,Patents Rules,2003,Rule,3,Rule 18,Appropriate office in relation to international applications,General Administration,Provision relating to appropriate office in relation to international applications.,None,None,None,None,https://ipindia.gov.in/acts/patent-rules-2003/rule-18,IP-IN-RULES-2003,Verified via Official Index,
IN-PR-19,Patents Rules,2003,Rule,3,Rule 19,International applications filed with appropriate office as receiving office,General Administration,Provision relating to international applications filed with appropriate office as receiving office.,None,None,None,None,https://ipindia.gov.in/acts/patent-rules-2003/rule-19,IP-IN-RULES-2003,Verified via Official Index,
IN-PR-19A,Patents Rules,2003,Rule,3,Rule 19A,Indian International Searching Authority,General Administration,Provision relating to indian international searching authority.,None,None,None,None,https://ipindia.gov.in/acts/patent-rules-2003/rule-19a,IP-IN-RULES-2003,Verified via Official Index,
IN-PR-19B,Patents Rules,2003,Rule,3,Rule 19B,International search report,General Administration,Provision relating to international search report.,None,None,None,None,https://ipindia.gov.in/acts/patent-rules-2003/rule-19b,IP-IN-RULES-2003,Verified via Official Index,
IN-PR-19C,Patents Rules,2003,Rule,3,Rule 19C,Time limit for establishing international search report,General Administration,Provision relating to time limit for establishing international search report.,None,None,None,None,https://ipindia.gov.in/acts/patent-rules-2003/rule-19c,IP-IN-RULES-2003,Verified via Official Index,
IN-PR-19D,Patents Rules,2003,Rule,3,Rule 19D,Transmittal of the International Search Report and written opinion,General Administration,Provision relating to transmittal of the international search report and written opinion.,None,None,None,None,https://ipindia.gov.in/acts/patent-rules-2003/rule-19d,IP-IN-RULES-2003,Verified via Official Index,
IN-PR-19E,Patents Rules,2003,Rule,3,Rule 19E,Confidential treatment,General Administration,Provision relating to confidential treatment.,None,None,None,None,https://ipindia.gov.in/acts/patent-rules-2003/rule-19e,IP-IN-RULES-2003,Verified via Official Index,
IN-PR-19F,Patents Rules,2003,Rule,3,Rule 19F,Indian International Preliminary Examining Authority,General Administration,Provision relating to indian international preliminary examining authority.,None,None,None,None,https://ipindia.gov.in/acts/patent-rules-2003/rule-19f,IP-IN-RULES-2003,Verified via Official Index,
IN-PR-19G,Patents Rules,2003,Rule,3,Rule 19G,Period for making a demand,General Administration,Provision relating to period for making a demand.,None,None,None,None,https://ipindia.gov.in/acts/patent-rules-2003/rule-19g,IP-IN-RULES-2003,Verified via Official Index,
IN-PR-19H,Patents Rules,2003,Rule,3,Rule 19H,Fees payable to Examining Authority,General Administration,Provision relating to fees payable to examining authority.,None,None,None,None,https://ipindia.gov.in/acts/patent-rules-2003/rule-19h,IP-IN-RULES-2003,Verified via Official Index,
IN-PR-19I,Patents Rules,2003,Rule,3,Rule 19I,Manner of making a demand,General Administration,Provision relating to manner of making a demand.,None,None,None,None,https://ipindia.gov.in/acts/patent-rules-2003/rule-19i,IP-IN-RULES-2003,Verified via Official Index,
IN-PR-19J,Patents Rules,2003,Rule,3,Rule 19J,Processing of demands for International preliminary examination,Patent Prosecution,Provision relating to processing of demands for international preliminary examination.,None,None,None,High,https://ipindia.gov.in/acts/patent-rules-2003/rule-19j,IP-IN-RULES-2003,Verified via Official Index,
IN-PR-19K,Patents Rules,2003,Rule,3,Rule 19K,International Preliminary Examination Report,Patent Prosecution,Provision relating to international preliminary examination report.,None,None,None,High,https://ipindia.gov.in/acts/patent-rules-2003/rule-19k,IP-IN-RULES-2003,Verified via Official Index,
IN-PR-19L,Patents Rules,2003,Rule,3,Rule 19L,Period for establishing international preliminary examination report and its transmission,Patent Prosecution,Provision relating to period for establishing international preliminary examination report and its transmission.,None,None,None,High,https://ipindia.gov.in/acts/patent-rules-2003/rule-19l,IP-IN-RULES-2003,Verified via Official Index,
IN-PR-19M,Patents Rules,2003,Rule,3,Rule 19M,Transmittal of the International Preliminary Examination Report,Patent Prosecution,Provision relating to transmittal of the international preliminary examination report.,None,None,None,High,https://ipindia.gov.in/acts/patent-rules-2003/rule-19m,IP-IN-RULES-2003,Verified via Official Index,
IN-PR-19N,Patents Rules,2003,Rule,3,Rule 19N,Conditions for and extent of refund,General Administration,Provision relating to conditions for and extent of refund.,None,None,None,None,https://ipindia.gov.in/acts/patent-rules-2003/rule-19n,IP-IN-RULES-2003,Verified via Official Index,
IN-PR-20,Patents Rules,2003,Rule,3,Rule 20,International applications designating or designating and electing India,international/PCT applications,Details the procedures and timelines for entering the national phase in India for an international application filed under the Patent Cooperation Treaty (PCT).,Low,Low,Low,Medium,https://ipindia.gov.in/acts/patent-rules-2003/rule-20,IP-IN-RULES-2003,Verified via Official Index,Critical for opposing PCT applications entering India.
IN-PR-21,Patents Rules,2003,Rule,3,Rule 21,Filing of priority document,General Administration,Provision relating to filing of priority document.,None,None,None,None,https://ipindia.gov.in/acts/patent-rules-2003/rule-21,IP-IN-RULES-2003,Verified via Official Index,
IN-PR-22,Patents Rules,2003,Rule,3,Rule 22,Effect of non-compliance with certain requirements,General Administration,Provision relating to effect of non-compliance with certain requirements.,None,None,None,None,https://ipindia.gov.in/acts/patent-rules-2003/rule-22,IP-IN-RULES-2003,Verified via Official Index,
IN-PR-23,Patents Rules,2003,Rule,3,Rule 23,"The requirements under this Chapter to be supplemental of the regulations, etc., under the Treaty",General Administration,"Provision relating to the requirements under this chapter to be supplemental of the regulations, etc., under the treaty.",None,None,None,None,https://ipindia.gov.in/acts/patent-rules-2003/rule-23,IP-IN-RULES-2003,Verified via Official Index,
IN-PR-24,Patents Rules,2003,Rule,4,Rule 24,Publication of application,General Administration,Provision relating to publication of application.,None,None,None,None,https://ipindia.gov.in/acts/patent-rules-2003/rule-24,IP-IN-RULES-2003,Verified via Official Index,
IN-PR-24A,Patents Rules,2003,Rule,4,Rule 24A,Request for publication,General Administration,Provision relating to request for publication.,None,None,None,None,https://ipindia.gov.in/acts/patent-rules-2003/rule-24a,IP-IN-RULES-2003,Verified via Official Index,
IN-PR-24B,Patents Rules,2003,Rule,4,Rule 24B,Examination of application,Patent Prosecution,Provision relating to examination of application.,None,None,None,High,https://ipindia.gov.in/acts/patent-rules-2003/rule-24b,IP-IN-RULES-2003,Verified via Official Index,
IN-PR-24C,Patents Rules,2003,Rule,4,Rule 24C,Expedited examination of applications,Patent Prosecution,Provision relating to expedited examination of applications.,None,None,None,High,https://ipindia.gov.in/acts/patent-rules-2003/rule-24c,IP-IN-RULES-2003,Verified via Official Index,
IN-PR-25,Patents Rules,2003,Rule,4,Rule 25,Identification of published applications,General Administration,Provision relating to identification of published applications.,None,None,None,None,https://ipindia.gov.in/acts/patent-rules-2003/rule-25,IP-IN-RULES-2003,Verified via Official Index,
IN-PR-26,Patents Rules,2003,Rule,4,Rule 26,Request for withdrawal,General Administration,Provision relating to request for withdrawal.,None,None,None,None,https://ipindia.gov.in/acts/patent-rules-2003/rule-26,IP-IN-RULES-2003,Verified via Official Index,
IN-PR-27,Patents Rules,2003,Rule,4,Rule 27,Inspection and supply of published documents,General Administration,Provision relating to inspection and supply of published documents.,None,None,None,None,https://ipindia.gov.in/acts/patent-rules-2003/rule-27,IP-IN-RULES-2003,Verified via Official Index,
IN-PR-28,Patents Rules,2003,Rule,4,Rule 28,Procedure in case of anticipation by prior publication,Traditional Knowledge,Provision relating to procedure in case of anticipation by prior publication.,None,High,None,None,https://ipindia.gov.in/acts/patent-rules-2003/rule-28,IP-IN-RULES-2003,Verified via Official Index,
IN-PR-28A,Patents Rules,2003,Rule,4,Rule 28A,Procedure in relation to consideration of report of examiner under section 14,General Administration,Provision relating to procedure in relation to consideration of report of examiner under section 14.,None,None,None,None,https://ipindia.gov.in/acts/patent-rules-2003/rule-28a,IP-IN-RULES-2003,Verified via Official Index,
IN-PR-29,Patents Rules,2003,Rule,4,Rule 29,Procedure in case of anticipation by prior claiming,Traditional Knowledge,Provision relating to procedure in case of anticipation by prior claiming.,None,High,None,None,https://ipindia.gov.in/acts/patent-rules-2003/rule-29,IP-IN-RULES-2003,Verified via Official Index,
IN-PR-29A,Patents Rules,2003,Rule,4,Rule 29A,Grace period,General Administration,Provision relating to grace period.,None,None,None,None,https://ipindia.gov.in/acts/patent-rules-2003/rule-29a,IP-IN-RULES-2003,Verified via Official Index,
IN-PR-30,Patents Rules,2003,Rule,4,Rule 30,Amendment of the complete specification in case of anticipation,Patent Prosecution,Provision relating to amendment of the complete specification in case of anticipation.,None,High,None,High,https://ipindia.gov.in/acts/patent-rules-2003/rule-30,IP-IN-RULES-2003,Verified via Official Index,
IN-PR-31,Patents Rules,2003,Rule,4,Rule 31,Form of reference to another specification,Patent Prosecution,Provision relating to form of reference to another specification.,None,None,None,High,https://ipindia.gov.in/acts/patent-rules-2003/rule-31,IP-IN-RULES-2003,Verified via Official Index,
IN-PR-32,Patents Rules,2003,Rule,4,Rule 32,Procedure in case of potential infringement,General Administration,Provision relating to procedure in case of potential infringement.,None,None,None,None,https://ipindia.gov.in/acts/patent-rules-2003/rule-32,IP-IN-RULES-2003,Verified via Official Index,
IN-PR-33,Patents Rules,2003,Rule,4,Rule 33,Form of reference to another patent,General Administration,Provision relating to form of reference to another patent.,None,None,None,None,https://ipindia.gov.in/acts/patent-rules-2003/rule-33,IP-IN-RULES-2003,Verified via Official Index,
IN-PR-34,Patents Rules,2003,Rule,4,Rule 34,Manner in which a claim under section 20(1) shall be made,General Administration,Provision relating to manner in which a claim under section 20(1) shall be made.,None,None,None,None,https://ipindia.gov.in/acts/patent-rules-2003/rule-34,IP-IN-RULES-2003,Verified via Official Index,
IN-PR-35,Patents Rules,2003,Rule,4,Rule 35,Manner in which a request may be made under section 20(4),General Administration,Provision relating to manner in which a request may be made under section 20(4).,None,None,None,None,https://ipindia.gov.in/acts/patent-rules-2003/rule-35,IP-IN-RULES-2003,Verified via Official Index,
IN-PR-36,Patents Rules,2003,Rule,4,Rule 36,Manner of application under section 20(5),General Administration,Provision relating to manner of application under section 20(5).,None,None,None,None,https://ipindia.gov.in/acts/patent-rules-2003/rule-36,IP-IN-RULES-2003,Verified via Official Index,
IN-PR-37,Patents Rules,2003,Rule,4,Rule 37,Numbering of applications on the grant of patent,Patent Prosecution,Provision relating to numbering of applications on the grant of patent.,None,None,None,High,https://ipindia.gov.in/acts/patent-rules-2003/rule-37,IP-IN-RULES-2003,Verified via Official Index,
IN-PR-38,Patents Rules,2003,Rule,4,Rule 38,[Omitted],,Omitted provision.,None,None,None,None,https://ipindia.gov.in/acts/patent-rules-2003/rule-38,IP-IN-RULES-2003,Verified via Official Index,Omitted provision.
IN-PR-Rule39-54,Patents Rules,2003,Rule,5,Rule39-54,[Omitted],,Omitted provision.,None,None,None,None,https://ipindia.gov.in/acts/patent-rules-2003/rule39-54,IP-IN-RULES-2003,Verified via Official Index,Omitted provision.
IN-PR-55,Patents Rules,2003,Rule,6,Rule 55,Opposition to the patent,opposition,Procedure for pre-grant opposition under section 25(1). Representation for opposition must be filed at the appropriate office with a statement and evidence.,Medium,Medium,Medium,Low,https://ipindia.gov.in/acts/patent-rules-2003/rule-55,IP-IN-RULES-2003,Verified via Official Index,Governs the actual process CSIR/TKDL would use to submit evidence against an application.
IN-PR-55A,Patents Rules,2003,Rule,6,Rule 55A,Filing of notice of opposition,opposition,"The procedure for filing a notice of opposition to a granted patent under section 25(2), to be made in Form 7 and sent to the Controller in duplicate.",Medium,Medium,Medium,Low,https://ipindia.gov.in/acts/patent-rules-2003/rule-55a,IP-IN-RULES-2003,Verified via Official Index,Procedural rule for submitting a post-grant opposition.
IN-PR-56,Patents Rules,2003,Rule,6,Rule 56,Constitution of Opposition Board and its proceeding,Patent Prosecution,Provision relating to constitution of opposition board and its proceeding.,None,None,None,High,https://ipindia.gov.in/acts/patent-rules-2003/rule-56,IP-IN-RULES-2003,Verified via Official Index,
IN-PR-57,Patents Rules,2003,Rule,6,Rule 57,Filing of written statement of opposition and evidence,Patent Prosecution,Provision relating to filing of written statement of opposition and evidence.,None,None,None,High,https://ipindia.gov.in/acts/patent-rules-2003/rule-57,IP-IN-RULES-2003,Verified via Official Index,
IN-PR-58,Patents Rules,2003,Rule,6,Rule 58,Filing of reply statement and evidence,General Administration,Provision relating to filing of reply statement and evidence.,None,None,None,None,https://ipindia.gov.in/acts/patent-rules-2003/rule-58,IP-IN-RULES-2003,Verified via Official Index,
IN-PR-59,Patents Rules,2003,Rule,6,Rule 59,Filing of reply evidence by opponent,General Administration,Provision relating to filing of reply evidence by opponent.,None,None,None,None,https://ipindia.gov.in/acts/patent-rules-2003/rule-59,IP-IN-RULES-2003,Verified via Official Index,
IN-PR-60,Patents Rules,2003,Rule,6,Rule 60,Further evidence to be left with the leave of the Controller,General Administration,Provision relating to further evidence to be left with the leave of the controller.,None,None,None,None,https://ipindia.gov.in/acts/patent-rules-2003/rule-60,IP-IN-RULES-2003,Verified via Official Index,
IN-PR-61,Patents Rules,2003,Rule,6,Rule 61,Copies of documents to be supplied,General Administration,Provision relating to copies of documents to be supplied.,None,None,None,None,https://ipindia.gov.in/acts/patent-rules-2003/rule-61,IP-IN-RULES-2003,Verified via Official Index,
IN-PR-62,Patents Rules,2003,Rule,6,Rule 62,Hearing,General Administration,Provision relating to hearing.,None,None,None,None,https://ipindia.gov.in/acts/patent-rules-2003/rule-62,IP-IN-RULES-2003,Verified via Official Index,
IN-PR-63,Patents Rules,2003,Rule,6,Rule 63,Determination of costs,General Administration,Provision relating to determination of costs.,None,None,None,None,https://ipindia.gov.in/acts/patent-rules-2003/rule-63,IP-IN-RULES-2003,Verified via Official Index,
IN-PR-63A,Patents Rules,2003,Rule,6,Rule 63A,Request made under section 26(1),General Administration,Provision relating to request made under section 26(1).,None,None,None,None,https://ipindia.gov.in/acts/patent-rules-2003/rule-63a,IP-IN-RULES-2003,Verified via Official Index,
IN-PR-64,Patents Rules,2003,Rule,6,Rule 64-65,[Omitted],,Omitted provision.,None,None,None,None,https://ipindia.gov.in/acts/patent-rules-2003/rule-65-65,IP-IN-RULES-2003,Verified via Official Index,Omitted provision.
IN-PR-66,Patents Rules,2003,Rule,6,Rule 66,Form of making a request under section 28(2),General Administration,Provision relating to form of making a request under section 28(2).,None,None,None,None,https://ipindia.gov.in/acts/patent-rules-2003/rule-66,IP-IN-RULES-2003,Verified via Official Index,
IN-PR-67,Patents Rules,2003,Rule,6,Rule 67,Form of making a claim under section 28(3),General Administration,Provision relating to form of making a claim under section 28(3).,None,None,None,None,https://ipindia.gov.in/acts/patent-rules-2003/rule-67,IP-IN-RULES-2003,Verified via Official Index,
IN-PR-68,Patents Rules,2003,Rule,6,Rule 68,Form of application to be made under section 28(7),General Administration,Provision relating to form of application to be made under section 28(7).,None,None,None,None,https://ipindia.gov.in/acts/patent-rules-2003/rule-68,IP-IN-RULES-2003,Verified via Official Index,
IN-PR-69,Patents Rules,2003,Rule,6,Rule 69,Procedure for the hearing of claim or application under section 28,General Administration,Provision relating to procedure for the hearing of claim or application under section 28.,None,None,None,None,https://ipindia.gov.in/acts/patent-rules-2003/rule-69,IP-IN-RULES-2003,Verified via Official Index,
IN-PR-70,Patents Rules,2003,Rule,6,Rule 70,Mention of inventor,General Administration,Provision relating to mention of inventor.,None,None,None,None,https://ipindia.gov.in/acts/patent-rules-2003/rule-70,IP-IN-RULES-2003,Verified via Official Index,
IN-PR-70A,Patents Rules,2003,Rule,6,Rule 70A,Certificate of inventorship,General Administration,Provision relating to certificate of inventorship.,None,None,None,None,https://ipindia.gov.in/acts/patent-rules-2003/rule-70a,IP-IN-RULES-2003,Verified via Official Index,
IN-PR-71,Patents Rules,2003,Rule,7,Rule 71,Permission for making patent application outside India under section 39,General Administration,Provision relating to permission for making patent application outside india under section 39.,None,None,None,None,https://ipindia.gov.in/acts/patent-rules-2003/rule-71,IP-IN-RULES-2003,Verified via Official Index,
IN-PR-72,Patents Rules,2003,Rule,7,Rule 72,Communication of result of reconsideration under section 36(2),General Administration,Provision relating to communication of result of reconsideration under section 36(2).,None,None,None,None,https://ipindia.gov.in/acts/patent-rules-2003/rule-72,IP-IN-RULES-2003,Verified via Official Index,
IN-PR-73,Patents Rules,2003,Rule,8,Rule 73,[Omitted],,Omitted provision.,None,None,None,None,https://ipindia.gov.in/acts/patent-rules-2003/rule-73,IP-IN-RULES-2003,Verified via Official Index,Omitted provision.
IN-PR-74,Patents Rules,2003,Rule,8,Rule 74,Form of patent,General Administration,Provision relating to form of patent.,None,None,None,None,https://ipindia.gov.in/acts/patent-rules-2003/rule-74,IP-IN-RULES-2003,Verified via Official Index,
IN-PR-74A,Patents Rules,2003,Rule,8,Rule 74A,Inspection of documents related to grant of patent,Patent Prosecution,Provision relating to inspection of documents related to grant of patent.,None,None,None,High,https://ipindia.gov.in/acts/patent-rules-2003/rule-74a,IP-IN-RULES-2003,Verified via Official Index,
IN-PR-75,Patents Rules,2003,Rule,8,Rule 75,Amendment of patent under section,General Administration,Provision relating to amendment of patent under section.,None,None,None,None,https://ipindia.gov.in/acts/patent-rules-2003/rule-75,IP-IN-RULES-2003,Verified via Official Index,
IN-PR-76,Patents Rules,2003,Rule,8,Rule 76,Manner of applying for direction under section 51(1),General Administration,Provision relating to manner of applying for direction under section 51(1).,None,None,None,None,https://ipindia.gov.in/acts/patent-rules-2003/rule-76,IP-IN-RULES-2003,Verified via Official Index,
IN-PR-77,Patents Rules,2003,Rule,8,Rule 77,Manner of application under section 51(2),General Administration,Provision relating to manner of application under section 51(2).,None,None,None,None,https://ipindia.gov.in/acts/patent-rules-2003/rule-77,IP-IN-RULES-2003,Verified via Official Index,
IN-PR-78,Patents Rules,2003,Rule,8,Rule 78,Procedure for the hearing of proceedings under section 51,General Administration,Provision relating to procedure for the hearing of proceedings under section 51.,None,None,None,None,https://ipindia.gov.in/acts/patent-rules-2003/rule-78,IP-IN-RULES-2003,Verified via Official Index,
IN-PR-79,Patents Rules,2003,Rule,8,Rule 79,Request under section 52(2),General Administration,Provision relating to request under section 52(2).,None,None,None,None,https://ipindia.gov.in/acts/patent-rules-2003/rule-79,IP-IN-RULES-2003,Verified via Official Index,
IN-PR-80,Patents Rules,2003,Rule,8,Rule 80,Renewal fees under section 53,General Administration,Provision relating to renewal fees under section 53.,None,None,None,None,https://ipindia.gov.in/acts/patent-rules-2003/rule-80,IP-IN-RULES-2003,Verified via Official Index,
IN-PR-81,Patents Rules,2003,Rule,9,Rule 81,"Amendment of application, specification or any document relating thereto",Patent Prosecution,"Provision relating to amendment of application, specification or any document relating thereto.",None,None,None,High,https://ipindia.gov.in/acts/patent-rules-2003/rule-81,IP-IN-RULES-2003,Verified via Official Index,
IN-PR-82,Patents Rules,2003,Rule,9,Rule 82,"Preparation of amended specifications, etc.",Patent Prosecution,"Provision relating to preparation of amended specifications, etc..",None,None,None,High,https://ipindia.gov.in/acts/patent-rules-2003/rule-82,IP-IN-RULES-2003,Verified via Official Index,
IN-PR-83,Patents Rules,2003,Rule,9,Rule 83,Publication of the amendment allowed,General Administration,Provision relating to publication of the amendment allowed.,None,None,None,None,https://ipindia.gov.in/acts/patent-rules-2003/rule-83,IP-IN-RULES-2003,Verified via Official Index,
IN-PR-84,Patents Rules,2003,Rule,10,Rule 84,Restoration of patents,General Administration,Provision relating to restoration of patents.,None,None,None,None,https://ipindia.gov.in/acts/patent-rules-2003/rule-84,IP-IN-RULES-2003,Verified via Official Index,
IN-PR-85,Patents Rules,2003,Rule,10,Rule 85,Opposition to restoration under section 61,Patent Prosecution,Provision relating to opposition to restoration under section 61.,None,None,None,High,https://ipindia.gov.in/acts/patent-rules-2003/rule-85,IP-IN-RULES-2003,Verified via Official Index,
IN-PR-86,Patents Rules,2003,Rule,10,Rule 86,Payment of unpaid renewal fees,General Administration,Provision relating to payment of unpaid renewal fees.,None,None,None,None,https://ipindia.gov.in/acts/patent-rules-2003/rule-86,IP-IN-RULES-2003,Verified via Official Index,
IN-PR-87,Patents Rules,2003,Rule,11,Rule 87,Surrender of Patents,General Administration,Provision relating to surrender of patents.,None,None,None,None,https://ipindia.gov.in/acts/patent-rules-2003/rule-87,IP-IN-RULES-2003,Verified via Official Index,
IN-PR-88,Patents Rules,2003,Rule,12,Rule 88,Register of patents under section 67,General Administration,Provision relating to register of patents under section 67.,None,None,None,None,https://ipindia.gov.in/acts/patent-rules-2003/rule-88,IP-IN-RULES-2003,Verified via Official Index,
IN-PR-89,Patents Rules,2003,Rule,12,Rule 89,[Omitted],,Omitted provision.,None,None,None,None,https://ipindia.gov.in/acts/patent-rules-2003/rule-89,IP-IN-RULES-2003,Verified via Official Index,Omitted provision.
IN-PR-90,Patents Rules,2003,Rule,12,Rule 90,Registration of title and interest in patents,General Administration,Provision relating to registration of title and interest in patents.,None,None,None,None,https://ipindia.gov.in/acts/patent-rules-2003/rule-90,IP-IN-RULES-2003,Verified via Official Index,
IN-PR-91,Patents Rules,2003,Rule,12,Rule 91,"Presentation of assignment, etc., of patent to Controller",General Administration,"Provision relating to presentation of assignment, etc., of patent to controller.",None,None,None,None,https://ipindia.gov.in/acts/patent-rules-2003/rule-91,IP-IN-RULES-2003,Verified via Official Index,
IN-PR-92,Patents Rules,2003,Rule,12,Rule 92,Registration of title or interest in a patent,General Administration,Provision relating to registration of title or interest in a patent.,None,None,None,None,https://ipindia.gov.in/acts/patent-rules-2003/rule-92,IP-IN-RULES-2003,Verified via Official Index,
IN-PR-93,Patents Rules,2003,Rule,12,Rule 93,Entry of Renewal fee,General Administration,Provision relating to entry of renewal fee.,None,None,None,None,https://ipindia.gov.in/acts/patent-rules-2003/rule-93,IP-IN-RULES-2003,Verified via Official Index,
IN-PR-94,Patents Rules,2003,Rule,12,Rule 94,Alteration of address,General Administration,Provision relating to alteration of address.,None,None,None,None,https://ipindia.gov.in/acts/patent-rules-2003/rule-94,IP-IN-RULES-2003,Verified via Official Index,
IN-PR-95,Patents Rules,2003,Rule,12,Rule 95,Inspection of register of patents under section 72 and fees payable therefor,General Administration,Provision relating to inspection of register of patents under section 72 and fees payable therefor.,None,None,None,None,https://ipindia.gov.in/acts/patent-rules-2003/rule-95,IP-IN-RULES-2003,Verified via Official Index,
IN-PR-96,Patents Rules,2003,Rule,13,Rule 96,Application for compulsory licence etc.,General Administration,Provision relating to application for compulsory licence etc..,None,None,None,None,https://ipindia.gov.in/acts/patent-rules-2003/rule-96,IP-IN-RULES-2003,Verified via Official Index,
IN-PR-97,Patents Rules,2003,Rule,13,Rule 97,When a prima facie case is not made out,General Administration,Provision relating to when a prima facie case is not made out.,None,None,None,None,https://ipindia.gov.in/acts/patent-rules-2003/rule-97,IP-IN-RULES-2003,Verified via Official Index,
IN-PR-98,Patents Rules,2003,Rule,13,Rule 98,Notice of opposition under section 87(2),Patent Prosecution,Provision relating to notice of opposition under section 87(2).,None,None,None,High,https://ipindia.gov.in/acts/patent-rules-2003/rule-98,IP-IN-RULES-2003,Verified via Official Index,
IN-PR-99,Patents Rules,2003,Rule,13,Rule 99,Manner of publication of the revocation order,Patent Prosecution,Provision relating to manner of publication of the revocation order.,None,None,None,High,https://ipindia.gov.in/acts/patent-rules-2003/rule-99,IP-IN-RULES-2003,Verified via Official Index,
IN-PR-100,Patents Rules,2003,Rule,13,Rule 100,Application under section 88(4),General Administration,Provision relating to application under section 88(4).,None,None,None,None,https://ipindia.gov.in/acts/patent-rules-2003/rule-100,IP-IN-RULES-2003,Verified via Official Index,
IN-PR-101,Patents Rules,2003,Rule,13,Rule 101,Procedure to be followed in case of applications under section 88(4),General Administration,Provision relating to procedure to be followed in case of applications under section 88(4).,None,None,None,None,https://ipindia.gov.in/acts/patent-rules-2003/rule-101,IP-IN-RULES-2003,Verified via Official Index,
IN-PR-102,Patents Rules,2003,Rule,13,Rule 102,Application for termination of compulsory licence under section 94,General Administration,Provision relating to application for termination of compulsory licence under section 94.,None,None,None,None,https://ipindia.gov.in/acts/patent-rules-2003/rule-102,IP-IN-RULES-2003,Verified via Official Index,
IN-PR-103,Patents Rules,2003,Rule,14,Rule 103,Roll of scientific advisers,General Administration,Provision relating to roll of scientific advisers.,None,None,None,None,https://ipindia.gov.in/acts/patent-rules-2003/rule-103,IP-IN-RULES-2003,Verified via Official Index,
IN-PR-103A,Patents Rules,2003,Rule,14,Rule 103A,Disqualifications for inclusion in the roll of scientific advisers,General Administration,Provision relating to disqualifications for inclusion in the roll of scientific advisers.,None,None,None,None,https://ipindia.gov.in/acts/patent-rules-2003/rule-103a,IP-IN-RULES-2003,Verified via Official Index,
IN-PR-104,Patents Rules,2003,Rule,14,Rule 104,Manner of application for inclusion in the roll of scientific advisers,General Administration,Provision relating to manner of application for inclusion in the roll of scientific advisers.,None,None,None,None,https://ipindia.gov.in/acts/patent-rules-2003/rule-104,IP-IN-RULES-2003,Verified via Official Index,
IN-PR-105,Patents Rules,2003,Rule,14,Rule 105,Inclusion of the name of any other person in the roll of scientific advisers,General Administration,Provision relating to inclusion of the name of any other person in the roll of scientific advisers.,None,None,None,None,https://ipindia.gov.in/acts/patent-rules-2003/rule-105,IP-IN-RULES-2003,Verified via Official Index,
IN-PR-106,Patents Rules,2003,Rule,14,Rule 106,Power to relax,General Administration,Provision relating to power to relax.,None,None,None,None,https://ipindia.gov.in/acts/patent-rules-2003/rule-106,IP-IN-RULES-2003,Verified via Official Index,
IN-PR-107,Patents Rules,2003,Rule,14,Rule 107,Removal of names from the roll of scientific advisers,General Administration,Provision relating to removal of names from the roll of scientific advisers.,None,None,None,None,https://ipindia.gov.in/acts/patent-rules-2003/rule-107,IP-IN-RULES-2003,Verified via Official Index,
IN-PR-108,Patents Rules,2003,Rule,15,Rule 108,Particulars to be contained in the register of patent agents,General Administration,Provision relating to particulars to be contained in the register of patent agents.,None,None,None,None,https://ipindia.gov.in/acts/patent-rules-2003/rule-108,IP-IN-RULES-2003,Verified via Official Index,
IN-PR-109,Patents Rules,2003,Rule,15,Rule 109,Application for registration of patent agents,General Administration,Provision relating to application for registration of patent agents.,None,None,None,None,https://ipindia.gov.in/acts/patent-rules-2003/rule-109,IP-IN-RULES-2003,Verified via Official Index,
IN-PR-110,Patents Rules,2003,Rule,15,Rule 110,Particulars of the qualifying examination for patent agents,Patent Prosecution,Provision relating to particulars of the qualifying examination for patent agents.,None,None,None,High,https://ipindia.gov.in/acts/patent-rules-2003/rule-110,IP-IN-RULES-2003,Verified via Official Index,
IN-PR-111,Patents Rules,2003,Rule,15,Rule 111,Registration of patent agents,General Administration,Provision relating to registration of patent agents.,None,None,None,None,https://ipindia.gov.in/acts/patent-rules-2003/rule-111,IP-IN-RULES-2003,Verified via Official Index,
IN-PR-111A,Patents Rules,2003,Rule,15,Rule 111A,Issue of duplicate certificate of patent agents,General Administration,Provision relating to issue of duplicate certificate of patent agents.,None,None,None,None,https://ipindia.gov.in/acts/patent-rules-2003/rule-111a,IP-IN-RULES-2003,Verified via Official Index,
IN-PR-112,Patents Rules,2003,Rule,15,Rule 112,Details to be included in an application for the registration of a patent agent,General Administration,Provision relating to details to be included in an application for the registration of a patent agent.,None,None,None,None,https://ipindia.gov.in/acts/patent-rules-2003/rule-112,IP-IN-RULES-2003,Verified via Official Index,
IN-PR-113,Patents Rules,2003,Rule,15,Rule 113,Registration of patent agents under section 126(2),General Administration,Provision relating to registration of patent agents under section 126(2).,None,None,None,None,https://ipindia.gov.in/acts/patent-rules-2003/rule-113,IP-IN-RULES-2003,Verified via Official Index,
IN-PR-114,Patents Rules,2003,Rule,15,Rule 114,Disqualifications for registration as a patent agent,General Administration,Provision relating to disqualifications for registration as a patent agent.,None,None,None,None,https://ipindia.gov.in/acts/patent-rules-2003/rule-114,IP-IN-RULES-2003,Verified via Official Index,
IN-PR-115,Patents Rules,2003,Rule,15,Rule 115,Payment of fees,General Administration,Provision relating to payment of fees.,None,None,None,None,https://ipindia.gov.in/acts/patent-rules-2003/rule-115,IP-IN-RULES-2003,Verified via Official Index,
IN-PR-116,Patents Rules,2003,Rule,15,Rule 116,Removal of a name from the register of patent agents,General Administration,Provision relating to removal of a name from the register of patent agents.,None,None,None,None,https://ipindia.gov.in/acts/patent-rules-2003/rule-116,IP-IN-RULES-2003,Verified via Official Index,
IN-PR-117,Patents Rules,2003,Rule,15,Rule 117,Restoration of name of persons removed from the register of patent agents,General Administration,Provision relating to restoration of name of persons removed from the register of patent agents.,None,None,None,None,https://ipindia.gov.in/acts/patent-rules-2003/rule-117,IP-IN-RULES-2003,Verified via Official Index,
IN-PR-118,Patents Rules,2003,Rule,15,Rule 118,"Alteration of names, etc., in the register of patent agents",General Administration,"Provision relating to alteration of names, etc., in the register of patent agents.",None,None,None,None,https://ipindia.gov.in/acts/patent-rules-2003/rule-118,IP-IN-RULES-2003,Verified via Official Index,
IN-PR-119,Patents Rules,2003,Rule,15,Rule 119,Refusal to recognise as patent agent,General Administration,Provision relating to refusal to recognise as patent agent.,None,None,None,None,https://ipindia.gov.in/acts/patent-rules-2003/rule-119,IP-IN-RULES-2003,Verified via Official Index,
IN-PR-120,Patents Rules,2003,Rule,15,Rule 120,Publication of the names of patent agents registered under the Act,General Administration,Provision relating to publication of the names of patent agents registered under the act.,None,None,None,None,https://ipindia.gov.in/acts/patent-rules-2003/rule-120,IP-IN-RULES-2003,Verified via Official Index,
IN-PR-121,Patents Rules,2003,Rule,16,Rule 121,Period within which copies of specification etc. are to be filed,Patent Prosecution,Provision relating to period within which copies of specification etc. are to be filed.,None,None,None,High,https://ipindia.gov.in/acts/patent-rules-2003/rule-121,IP-IN-RULES-2003,Verified via Official Index,
IN-PR-121A,Patents Rules,2003,Rule,16,Rule 121A,Address of Communications,General Administration,Provision relating to address of communications.,None,None,None,None,https://ipindia.gov.in/acts/patent-rules-2003/rule-121a,IP-IN-RULES-2003,Verified via Official Index,
IN-PR-122,Patents Rules,2003,Rule,16,Rule 122,Correction of clerical errors,General Administration,Provision relating to correction of clerical errors.,None,None,None,None,https://ipindia.gov.in/acts/patent-rules-2003/rule-122,IP-IN-RULES-2003,Verified via Official Index,
IN-PR-123,Patents Rules,2003,Rule,16,Rule 123,Manner of advertisement of the proposed correction of any error,General Administration,Provision relating to manner of advertisement of the proposed correction of any error.,None,None,None,None,https://ipindia.gov.in/acts/patent-rules-2003/rule-123,IP-IN-RULES-2003,Verified via Official Index,
IN-PR-124,Patents Rules,2003,Rule,16,Rule 124,Manner and time of opposition to the making of corrections,Patent Prosecution,Provision relating to manner and time of opposition to the making of corrections.,None,None,None,High,https://ipindia.gov.in/acts/patent-rules-2003/rule-124,IP-IN-RULES-2003,Verified via Official Index,
IN-PR-125,Patents Rules,2003,Rule,16,Rule 125,Notification of corrections,General Administration,Provision relating to notification of corrections.,None,None,None,None,https://ipindia.gov.in/acts/patent-rules-2003/rule-125,IP-IN-RULES-2003,Verified via Official Index,
IN-PR-126,Patents Rules,2003,Rule,16,Rule 126,"Form, etc., of affidavits",General Administration,"Provision relating to form, etc., of affidavits.",None,None,None,None,https://ipindia.gov.in/acts/patent-rules-2003/rule-126,IP-IN-RULES-2003,Verified via Official Index,
IN-PR-127,Patents Rules,2003,Rule,16,Rule 127,Exhibits,General Administration,Provision relating to exhibits.,None,None,None,None,https://ipindia.gov.in/acts/patent-rules-2003/rule-127,IP-IN-RULES-2003,Verified via Official Index,
IN-PR-128,Patents Rules,2003,Rule,16,Rule 128,Directions not otherwise prescribed,General Administration,Provision relating to directions not otherwise prescribed.,None,None,None,None,https://ipindia.gov.in/acts/patent-rules-2003/rule-128,IP-IN-RULES-2003,Verified via Official Index,
IN-PR-129,Patents Rules,2003,Rule,16,Rule 129,Exercise of discretionary power by the Controller,General Administration,Provision relating to exercise of discretionary power by the controller.,None,None,None,None,https://ipindia.gov.in/acts/patent-rules-2003/rule-129,IP-IN-RULES-2003,Verified via Official Index,
IN-PR-129A,Patents Rules,2003,Rule,16,Rule 129A,Adjournment of hearing,General Administration,Provision relating to adjournment of hearing.,None,None,None,None,https://ipindia.gov.in/acts/patent-rules-2003/rule-129a,IP-IN-RULES-2003,Verified via Official Index,
IN-PR-130,Patents Rules,2003,Rule,16,Rule 130,Application for review of decisions or setting aside of orders of the Controller,General Administration,Provision relating to application for review of decisions or setting aside of orders of the controller.,None,None,None,None,https://ipindia.gov.in/acts/patent-rules-2003/rule-130,IP-IN-RULES-2003,Verified via Official Index,
IN-PR-131,Patents Rules,2003,Rule,16,Rule 131,Form and manner in which statements required under section 146(2) to be furnished,General Administration,Provision relating to form and manner in which statements required under section 146(2) to be furnished.,None,None,None,None,https://ipindia.gov.in/acts/patent-rules-2003/rule-131,IP-IN-RULES-2003,Verified via Official Index,
IN-PR-132,Patents Rules,2003,Rule,16,Rule 132,Form of application for the issue of duplicate patent,General Administration,Provision relating to form of application for the issue of duplicate patent.,None,None,None,None,https://ipindia.gov.in/acts/patent-rules-2003/rule-132,IP-IN-RULES-2003,Verified via Official Index,
IN-PR-133,Patents Rules,2003,Rule,16,Rule 133,Supply of certified copies and certificates under sections 72 and 147,General Administration,Provision relating to supply of certified copies and certificates under sections 72 and 147.,None,None,None,None,https://ipindia.gov.in/acts/patent-rules-2003/rule-133,IP-IN-RULES-2003,Verified via Official Index,
IN-PR-134,Patents Rules,2003,Rule,16,Rule 134,Request for information under section 153,General Administration,Provision relating to request for information under section 153.,None,None,None,None,https://ipindia.gov.in/acts/patent-rules-2003/rule-134,IP-IN-RULES-2003,Verified via Official Index,
IN-PR-135,Patents Rules,2003,Rule,16,Rule 135,Agency,General Administration,Provision relating to agency.,None,None,None,None,https://ipindia.gov.in/acts/patent-rules-2003/rule-135,IP-IN-RULES-2003,Verified via Official Index,
IN-PR-136,Patents Rules,2003,Rule,16,Rule 136,Scale of costs,General Administration,Provision relating to scale of costs.,None,None,None,None,https://ipindia.gov.in/acts/patent-rules-2003/rule-136,IP-IN-RULES-2003,Verified via Official Index,
IN-PR-137,Patents Rules,2003,Rule,16,Rule 137,Powers of Controller generally,General Administration,Provision relating to powers of controller generally.,None,None,None,None,https://ipindia.gov.in/acts/patent-rules-2003/rule-137,IP-IN-RULES-2003,Verified via Official Index,
IN-PR-138,Patents Rules,2003,Rule,16,Rule 138,Power to extend time specified or condone delay,General Administration,Provision relating to power to extend time specified or condone delay.,None,None,None,None,https://ipindia.gov.in/acts/patent-rules-2003/rule-138,IP-IN-RULES-2003,Verified via Official Index,
IN-PR-139,Patents Rules,2003,Rule,16,Rule 139,Hearing before the Controller to be in public in certain cases,General Administration,Provision relating to hearing before the controller to be in public in certain cases.,None,None,None,None,https://ipindia.gov.in/acts/patent-rules-2003/rule-139,IP-IN-RULES-2003,Verified via Official Index,
IN-PR-Fees,Patents Rules,2003,Rule,THE FIRST SCHEDULE,Fees,Fees,General Administration,Provision relating to fees.,None,None,None,None,https://ipindia.gov.in/acts/patent-rules-2003/fees,IP-IN-RULES-2003,Verified via Official Index,
IN-PR-SCALE OF COSTS,Patents Rules,2003,Rule,THE FOURTH SCHEDULE,SCALE OF COSTS,SCALE OF COSTS,General Administration,Provision relating to scale of costs.,None,None,None,None,https://ipindia.gov.in/acts/patent-rules-2003/scale-of-costs,IP-IN-RULES-2003,Verified via Official Index,
